Year,StatType,Player,Tm,Inside 20_Cmp,Inside 20_Att,Inside 20_Cmp%,Inside 20_Yds,Inside 20_TD,Inside 20_Int,Inside 10_Cmp,Inside 10_Att,Inside 10_Cmp%,Inside 10_Yds,Inside 10_TD,Inside 10_Int,Inside 20_%Rush,Inside 10_%Rush,Inside 5_Att,Inside 5_Yds,Inside 5_TD,Inside 5_%Rush,Inside 20_Tgt,Inside 20_Rec,Inside 20_Ctch%,Inside 20_%Tgt,Inside 10_Tgt,Inside 10_Rec,Inside 10_Ctch%,Inside 10_%Tgt
2022,passing,Patrick Mahomes,KC,73.0,123,59.35,433,34,3.0,44.0,73,60.27,184,29,3.0,,,,,,,,,,,,,,
2022,passing,Josh Allen,BUF,45.0,84,53.57,353,24,5.0,18.0,40,45.0,80,14,3.0,,,,,,,,,,,,,,
2022,passing,Joe Burrow,CIN,54.0,92,58.7,382,24,1.0,17.0,38,44.74,79,14,0.0,,,,,,,,,,,,,,
2022,passing,Kirk Cousins,MIN,60.0,99,60.61,387,23,2.0,28.0,53,52.83,104,16,1.0,,,,,,,,,,,,,,
2022,passing,Jared Goff,DET,54.0,91,59.34,336,22,1.0,26.0,44,59.09,99,20,0.0,,,,,,,,,,,,,,
2022,passing,Tom Brady,TB,57.0,97,58.76,330,20,0.0,25.0,50,50.0,109,18,0.0,,,,,,,,,,,,,,
2022,passing,Justin Herbert,LAC,57.0,98,58.16,307,20,1.0,27.0,49,55.1,48,12,1.0,,,,,,,,,,,,,,
2022,passing,Trevor Lawrence,JAX,41.0,82,50.0,277,19,3.0,20.0,36,55.56,103,15,2.0,,,,,,,,,,,,,,
2022,passing,Aaron Rodgers,GB,45.0,75,60.0,271,17,2.0,18.0,34,52.94,68,11,2.0,,,,,,,,,,,,,,
2022,passing,Geno Smith,SEA,37.0,70,52.86,260,17,0.0,14.0,28,50.0,67,10,0.0,,,,,,,,,,,,,,
2022,passing,Dak Prescott,DAL,32.0,49,65.31,217,16,1.0,17.0,27,62.96,82,11,0.0,,,,,,,,,,,,,,
2022,passing,Tua Tagovailoa,MIA,29.0,46,63.04,199,15,0.0,12.0,24,50.0,64,9,0.0,,,,,,,,,,,,,,
2022,passing,Davis Mills,HOU,25.0,54,46.3,193,14,1.0,9.0,19,47.37,41,6,1.0,,,,,,,,,,,,,,
2022,passing,Lamar Jackson,BAL,26.0,56,46.43,197,13,1.0,11.0,23,47.83,51,7,1.0,,,,,,,,,,,,,,
2022,passing,Daniel Jones,NYG,26.0,41,63.41,182,12,1.0,15.0,22,68.18,79,11,1.0,,,,,,,,,,,,,,
2022,passing,Jimmy Garoppolo,SF,26.0,43,60.47,183,12,1.0,13.0,21,61.9,64,8,1.0,,,,,,,,,,,,,,
2022,passing,Justin Fields,CHI,22.0,32,68.75,167,12,1.0,8.0,13,61.54,51,6,1.0,,,,,,,,,,,,,,
2022,passing,Matt Ryan,IND,27.0,52,51.92,202,12,0.0,10.0,27,37.04,52,7,0.0,,,,,,,,,,,,,,
2022,passing,Marcus Mariota,ATL,21.0,35,60.0,117,11,1.0,11.0,20,55.0,44,8,1.0,,,,,,,,,,,,,,
2022,passing,Jacoby Brissett,CLE,22.0,46,47.83,127,11,1.0,9.0,19,47.37,41,7,1.0,,,,,,,,,,,,,,
2022,passing,Derek Carr,LVR,24.0,57,42.11,170,11,2.0,10.0,30,33.33,46,8,2.0,,,,,,,,,,,,,,
2022,passing,Andy Dalton,NO,31.0,47,65.96,250,11,1.0,11.0,16,68.75,48,5,1.0,,,,,,,,,,,,,,
2022,passing,Ryan Tannehill,TEN,29.0,50,58.0,213,10,0.0,14.0,22,63.64,79,7,0.0,,,,,,,,,,,,,,
2022,passing,Kyler Murray,ARI,23.0,44,52.27,113,9,0.0,10.0,25,40.0,56,9,0.0,,,,,,,,,,,,,,
2022,passing,Taylor Heinicke,WAS,16.0,33,48.48,145,9,0.0,8.0,21,38.1,42,5,0.0,,,,,,,,,,,,,,
2022,passing,Jalen Hurts,PHI,24.0,48,50.0,162,9,1.0,8.0,22,36.36,45,6,1.0,,,,,,,,,,,,,,
2022,passing,Mac Jones,NE,23.0,39,58.97,123,8,1.0,14.0,27,51.85,53,8,1.0,,,,,,,,,,,,,,
2022,passing,Matthew Stafford,LAR,19.0,40,47.5,121,7,0.0,12.0,28,42.86,44,6,0.0,,,,,,,,,,,,,,
2022,passing,Russell Wilson,DEN,22.0,45,48.89,137,7,1.0,10.0,23,43.48,48,5,0.0,,,,,,,,,,,,,,
2022,passing,Sam Darnold,CAR,11.0,21,52.38,84,6,0.0,4.0,11,36.36,15,3,0.0,,,,,,,,,,,,,,
2022,passing,Baker Mayfield,2TM,17.0,31,54.84,92,6,0.0,9.0,15,60.0,40,4,0.0,,,,,,,,,,,,,,
2022,passing,Brock Purdy,SF,13.0,17,76.47,66,6,1.0,6.0,8,75.0,15,6,0.0,,,,,,,,,,,,,,
2022,passing,Zach Wilson,NYJ,8.0,17,47.06,58,5,0.0,5.0,8,62.5,30,5,0.0,,,,,,,,,,,,,,
2022,passing,Deshaun Watson,CLE,11.0,28,39.29,77,5,1.0,5.0,13,38.46,23,3,0.0,,,,,,,,,,,,,,
2022,passing,Carson Wentz,WAS,14.0,25,56.0,94,5,1.0,6.0,12,50.0,24,4,1.0,,,,,,,,,,,,,,
2022,passing,Kenny Pickett,PIT,18.0,46,39.13,120,5,0.0,8.0,21,38.1,41,3,0.0,,,,,,,,,,,,,,
2022,passing,Jameis Winston,NO,8.0,14,57.14,46,4,0.0,4.0,5,80.0,23,4,0.0,,,,,,,,,,,,,,
2022,passing,Joe Flacco,NYJ,10.0,24,41.67,46,4,1.0,5.0,12,41.67,24,3,0.0,,,,,,,,,,,,,,
2022,passing,Mitchell Trubisky,PIT,8.0,11,72.73,50,4,1.0,5.0,7,71.43,29,4,0.0,,,,,,,,,,,,,,
2022,passing,Teddy Bridgewater,MIA,7.0,8,87.5,56,4,0.0,4.0,5,80.0,16,4,0.0,,,,,,,,,,,,,,
2022,passing,Cooper Rush,DAL,9.0,18,50.0,58,4,0.0,5.0,8,62.5,30,4,0.0,,,,,,,,,,,,,,
2022,passing,Sam Ehlinger,IND,7.0,13,53.85,25,3,1.0,5.0,8,62.5,16,3,0.0,,,,,,,,,,,,,,
2022,passing,Tyler Huntley,BAL,9.0,15,60.0,29,2,1.0,3.0,6,50.0,10,2,0.0,,,,,,,,,,,,,,
2022,passing,Jarrett Stidham,LVR,8.0,17,47.06,47,2,0.0,3.0,7,42.86,9,1,0.0,,,,,,,,,,,,,,
2022,passing,Brett Rypien,DEN,3.0,5,60.0,10,2,0.0,3.0,5,60.0,10,2,0.0,,,,,,,,,,,,,,
2022,passing,Gardner Minshew,PHI,2.0,6,33.33,23,2,0.0,1.0,1,100.0,9,1,0.0,,,,,,,,,,,,,,
2022,passing,Desmond Ridder,ATL,8.0,17,47.06,36,2,0.0,3.0,11,27.27,12,2,0.0,,,,,,,,,,,,,,
2022,passing,Trevor Siemian,CHI,2.0,4,50.0,7,1,1.0,2.0,4,50.0,7,1,1.0,,,,,,,,,,,,,,
2022,passing,Bailey Zappe,NE,4.0,9,44.44,21,1,0.0,1.0,3,33.33,2,1,0.0,,,,,,,,,,,,,,
2022,passing,John Wolford,LAR,4.0,6,66.67,37,1,0.0,1.0,2,50.0,3,1,0.0,,,,,,,,,,,,,,
2022,passing,Kyle Allen,HOU,5.0,9,55.56,31,1,0.0,1.0,5,20.0,6,1,0.0,,,,,,,,,,,,,,
2022,passing,Tyrod Taylor,NYG,1.0,1,100.0,19,1,0.0,0.0,0,,0,0,0.0,,,,,,,,,,,,,,
2022,passing,Skylar Thompson,MIA,5.0,9,55.56,4,1,0.0,2.0,2,100.0,13,1,0.0,,,,,,,,,,,,,,
2022,passing,Mike White,NYJ,10.0,24,41.67,40,1,1.0,3.0,9,33.33,14,1,0.0,,,,,,,,,,,,,,
2022,passing,Blaine Gabbert,TB,2.0,2,100.0,10,1,0.0,2.0,2,100.0,10,1,0.0,,,,,,,,,,,,,,
2022,passing,Braxton Berrios,NYJ,1.0,1,100.0,2,1,0.0,1.0,1,100.0,2,1,0.0,,,,,,,,,,,,,,
2022,passing,David Blough,ARI,2.0,4,50.0,13,1,0.0,1.0,1,100.0,4,1,0.0,,,,,,,,,,,,,,
2022,passing,Chase Claypool,PIT,1.0,1,100.0,1,1,0.0,1.0,1,100.0,1,1,0.0,,,,,,,,,,,,,,
2022,passing,Chase Daniel,LAC,3.0,3,100.0,14,1,0.0,1.0,1,100.0,3,1,0.0,,,,,,,,,,,,,,
2022,passing,Joshua Dobbs,TEN,2.0,4,50.0,11,1,0.0,1.0,2,50.0,7,1,0.0,,,,,,,,,,,,,,
2022,passing,Nathan Peterman,CHI,1.0,1,100.0,11,1,0.0,0.0,0,,0,0,0.0,,,,,,,,,,,,,,
2022,passing,Derrick Henry,TEN,1.0,1,100.0,3,1,0.0,1.0,1,100.0,3,1,0.0,,,,,,,,,,,,,,
2022,passing,Sam Howell,WAS,2.0,5,40.0,22,1,1.0,1.0,2,50.0,6,0,1.0,,,,,,,,,,,,,,
2022,passing,Bryce Perkins,LAR,2.0,5,40.0,13,1,0.0,1.0,1,100.0,7,1,0.0,,,,,,,,,,,,,,
2022,passing,Nick Mullens,MIN,3.0,3,100.0,11,1,0.0,1.0,1,100.0,9,1,0.0,,,,,,,,,,,,,,
2022,passing,Colt McCoy,ARI,7.0,12,58.33,38,1,0.0,2.0,3,66.67,11,1,0.0,,,,,,,,,,,,,,
2022,passing,Braden Mann,NYJ,0.0,1,0.0,0,0,0.0,0.0,0,,0,0,0.0,,,,,,,,,,,,,,
2022,passing,Anthony Brown,BAL,1.0,5,20.0,12,0,0.0,0.0,3,0.0,0,0,0.0,,,,,,,,,,,,,,
2022,passing,Rex Burkhead,HOU,0.0,1,0.0,0,0,0.0,0.0,0,,0,0,0.0,,,,,,,,,,,,,,
2022,passing,Trace McSorley,ARI,0.0,2,0.0,0,0,1.0,0.0,0,,0,0,0.0,,,,,,,,,,,,,,
2022,passing,Malik Willis,TEN,1.0,4,25.0,10,0,0.0,0.0,1,0.0,0,0,0.0,,,,,,,,,,,,,,
2022,passing,DeeJay Dallas,SEA,0.0,1,0.0,0,0,1.0,0.0,1,0.0,0,0,1.0,,,,,,,,,,,,,,
2022,passing,Davis Webb,NYG,1.0,3,33.33,12,0,0.0,0.0,1,0.0,0,0,0.0,,,,,,,,,,,,,,
2022,passing,Brian Hoyer,NE,1.0,2,50.0,-1,0,0.0,0.0,0,,0,0,0.0,,,,,,,,,,,,,,
2022,passing,P.J. Walker,CAR,0.0,2,0.0,0,0,0.0,0.0,2,0.0,0,0,0.0,,,,,,,,,,,,,,
2022,passing,Jeff Driskel,HOU,2.0,4,50.0,1,0,0.0,1.0,2,50.0,4,0,0.0,,,,,,,,,,,,,,
2022,passing,Jacob Eason,CAR,2.0,4,50.0,10,0,1.0,0.0,1,0.0,0,0,1.0,,,,,,,,,,,,,,
2022,passing,Nick Foles,IND,2.0,3,66.67,11,0,0.0,1.0,1,100.0,4,0,0.0,,,,,,,,,,,,,,
2022,passing,Jordan Love,GB,0.0,1,0.0,0,0,0.0,0.0,0,,0,0,0.0,,,,,,,,,,,,,,
2022,passing,Najee Harris,PIT,1.0,1,100.0,4,0,0.0,1.0,1,100.0,4,0,0.0,,,,,,,,,,,,,,
2022,passing,Chris Streveler,NYJ,0.0,1,0.0,0,0,0.0,0.0,0,,0,0,0.0,,,,,,,,,,,,,,
2022,passing,Trey Lance,SF,1.0,1,100.0,5,0,0.0,1.0,1,100.0,5,0,0.0,,,,,,,,,,,,,,
2022,passing,Taysom Hill,NO,0.0,2,0.0,0,0,0.0,0.0,0,,0,0,0.0,,,,,,,,,,,,,,
2022,rushing,Jamaal Williams,DET,,57,,107,16,,,45,,70,15,,60.0%,73.8%,28.0,24.0,14.0,84.8%,,,,,,,,
2022,rushing,Kenneth Walker,SEA,,48,,151,7,,,16,,7,2,,73.8%,76.2%,9.0,-3.0,1.0,100.0%,,,,,,,,
2022,rushing,Austin Ekeler,LAC,,47,,165,10,,,24,,58,10,,64.4%,63.2%,8.0,9.0,6.0,53.3%,,,,,,,,
2022,rushing,Miles Sanders,PHI,,45,,129,10,,,26,,63,8,,37.8%,36.1%,11.0,17.0,5.0,26.8%,,,,,,,,
2022,rushing,Jalen Hurts,PHI,,44,,122,11,,,26,,47,11,,37.0%,36.1%,20.0,12.0,9.0,48.8%,,,,,,,,
2022,rushing,Travis Etienne,JAX,,40,,149,4,,,23,,44,4,,50.0%,47.9%,10.0,5.0,2.0,43.5%,,,,,,,,
2022,rushing,Josh Jacobs,LVR,,40,,110,9,,,23,,35,8,,76.9%,85.2%,11.0,8.0,5.0,91.7%,,,,,,,,
2022,rushing,Dalvin Cook,MIN,,39,,72,6,,,24,,28,6,,60.0%,53.3%,15.0,12.0,5.0,60.0%,,,,,,,,
2022,rushing,Najee Harris,PIT,,39,,128,7,,,22,,51,6,,52.7%,53.7%,9.0,6.0,3.0,37.5%,,,,,,,,
2022,rushing,Tyler Allgeier,ATL,,38,,140,3,,,17,,40,3,,34.2%,35.4%,6.0,4.0,1.0,33.3%,,,,,,,,
2022,rushing,Christian McCaffrey,2TM,,38,,100,7,,,21,,34,5,,,,10.0,5.0,5.0,,,,,,,,,
2022,rushing,Joe Mixon,CIN,,38,,98,7,,,29,,55,6,,49.4%,58.0%,14.0,10.0,5.0,63.6%,,,,,,,,
2022,rushing,Nick Chubb,CLE,,37,,91,9,,,20,,34,7,,46.8%,52.6%,12.0,12.0,6.0,63.2%,,,,,,,,
2022,rushing,Derrick Henry,TEN,,36,,118,11,,,17,,27,10,,75.0%,70.8%,15.0,24.0,10.0,88.2%,,,,,,,,
2022,rushing,Saquon Barkley,NYG,,35,,100,8,,,23,,53,7,,47.3%,51.1%,14.0,24.0,7.0,58.3%,,,,,,,,
2022,rushing,Ezekiel Elliott,DAL,,35,,97,12,,,26,,53,11,,50.0%,61.9%,16.0,17.0,9.0,69.6%,,,,,,,,
2022,rushing,Devin Singletary,BUF,,33,,83,4,,,17,,35,4,,43.4%,43.6%,7.0,1.0,2.0,38.9%,,,,,,,,
2022,rushing,D'Onta Foreman,CAR,,32,,105,5,,,16,,28,3,,43.8%,48.5%,7.0,8.0,3.0,50.0%,,,,,,,,
2022,rushing,Dameon Pierce,HOU,,32,,55,3,,,15,,19,3,,54.2%,50.0%,7.0,-2.0,3.0,53.8%,,,,,,,,
2022,rushing,David Montgomery,CHI,,31,,115,5,,,16,,56,5,,36.9%,37.2%,3.0,3.0,2.0,15.0%,,,,,,,,
2022,rushing,Rhamondre Stevenson,NE,,31,,49,3,,,19,,21,3,,50.0%,59.4%,7.0,3.0,2.0,58.3%,,,,,,,,
2022,rushing,Jonathan Taylor,IND,,31,,58,3,,,16,,19,3,,43.7%,50.0%,8.0,8.0,3.0,50.0%,,,,,,,,
2022,rushing,Isiah Pacheco,KC,,30,,86,5,,,20,,54,5,,35.7%,43.5%,7.0,8.0,3.0,30.4%,,,,,,,,
2022,rushing,Cordarrelle Patterson,ATL,,30,,134,8,,,12,,34,6,,27.0%,25.0%,5.0,11.0,4.0,27.8%,,,,,,,,
2022,rushing,Aaron Jones,GB,,29,,91,2,,,9,,17,0,,44.6%,28.1%,2.0,2.0,0.0,12.5%,,,,,,,,
2022,rushing,Cam Akers,LAR,,27,,79,7,,,14,,30,6,,54.0%,53.8%,8.0,8.0,5.0,57.1%,,,,,,,,
2022,rushing,AJ Dillon,GB,,27,,72,5,,,17,,34,5,,41.5%,53.1%,10.0,10.0,4.0,62.5%,,,,,,,,
2022,rushing,Leonard Fournette,TB,,26,,44,3,,,19,,25,3,,52.0%,65.5%,8.0,7.0,3.0,61.5%,,,,,,,,
2022,rushing,Josh Allen,BUF,,25,,77,6,,,15,,23,5,,32.9%,38.5%,11.0,7.0,4.0,61.1%,,,,,,,,
2022,rushing,Justin Fields,CHI,,25,,58,5,,,15,,26,5,,29.8%,34.9%,10.0,19.0,5.0,50.0%,,,,,,,,
2022,rushing,Antonio Gibson,WAS,,25,,48,3,,,16,,17,3,,32.1%,37.2%,8.0,-5.0,3.0,47.1%,,,,,,,,
2022,rushing,Kareem Hunt,CLE,,25,,59,2,,,12,,32,2,,31.6%,31.6%,4.0,6.0,2.0,21.1%,,,,,,,,
2022,rushing,Daniel Jones,NYG,,24,,76,6,,,14,,28,5,,32.4%,31.1%,7.0,-4.0,3.0,29.2%,,,,,,,,
2022,rushing,Jeff Wilson,2TM,,24,,59,3,,,16,,23,3,,,,8.0,2.0,3.0,,,,,,,,,
2022,rushing,James Conner,ARI,,23,,79,6,,,15,,52,6,,33.8%,44.1%,6.0,8.0,4.0,37.5%,,,,,,,,
2022,rushing,Tony Pollard,DAL,,23,,99,6,,,12,,23,3,,32.9%,28.6%,6.0,4.0,2.0,26.1%,,,,,,,,
2022,rushing,Brian Robinson,WAS,,23,,51,2,,,14,,19,2,,29.5%,32.6%,5.0,4.0,2.0,29.4%,,,,,,,,
2022,rushing,D'Andre Swift,DET,,23,,111,5,,,11,,44,4,,24.2%,18.0%,4.0,2.0,2.0,12.1%,,,,,,,,
2022,rushing,Joe Burrow,CIN,,21,,52,5,,,14,,21,4,,27.3%,28.0%,7.0,8.0,4.0,31.8%,,,,,,,,
2022,rushing,Khalil Herbert,CHI,,20,,70,4,,,8,,7,2,,23.8%,18.6%,6.0,2.0,2.0,30.0%,,,,,,,,
2022,rushing,Alvin Kamara,NO,,20,,38,2,,,8,,9,2,,36.4%,30.8%,4.0,8.0,2.0,36.4%,,,,,,,,
2022,rushing,Jerick McKinnon,KC,,20,,48,0,,,7,,5,0,,23.8%,15.2%,5.0,1.0,0.0,21.7%,,,,,,,,
2022,rushing,Raheem Mostert,MIA,,20,,54,2,,,8,,13,1,,39.2%,38.1%,3.0,2.0,1.0,25.0%,,,,,,,,
2022,rushing,Michael Carter,NYJ,,19,,42,3,,,8,,21,3,,31.1%,26.7%,3.0,4.0,2.0,21.4%,,,,,,,,
2022,rushing,Kenyan Drake,BAL,,19,,41,3,,,7,,17,3,,21.6%,17.5%,3.0,8.0,3.0,18.8%,,,,,,,,
2022,rushing,Caleb Huntley,ATL,,19,,89,1,,,8,,29,1,,17.1%,16.7%,1.0,2.0,0.0,5.6%,,,,,,,,
2022,rushing,Lamar Jackson,BAL,,19,,77,2,,,9,,17,2,,21.6%,22.5%,4.0,3.0,1.0,25.0%,,,,,,,,
2022,rushing,Taysom Hill,NO,,17,,67,6,,,12,,45,5,,30.9%,46.2%,3.0,2.0,2.0,27.3%,,,,,,,,
2022,rushing,Marcus Mariota,ATL,,17,,41,4,,,8,,16,4,,15.3%,16.7%,4.0,4.0,3.0,22.2%,,,,,,,,
2022,rushing,James Robinson,2TM,,17,,30,1,,,10,,2,0,,,,4.0,1.0,0.0,,,,,,,,,
2022,rushing,Kenneth Gainwell,PHI,,16,,68,4,,,12,,41,4,,13.4%,16.7%,6.0,13.0,3.0,14.6%,,,,,,,,
2022,rushing,Zack Moss,IND,,16,,41,1,,,7,,1,0,,22.5%,21.9%,3.0,-3.0,0.0,18.8%,,,,,,,,
2022,rushing,Breece Hall,NYJ,,15,,49,2,,,9,,13,2,,24.6%,30.0%,4.0,-2.0,1.0,28.6%,,,,,,,,
2022,rushing,Chuba Hubbard,CAR,,15,,54,2,,,5,,12,1,,20.5%,15.2%,1.0,2.0,1.0,7.1%,,,,,,,,
2022,rushing,Samaje Perine,CIN,,15,,35,2,,,6,,15,2,,19.5%,12.0%,0.0,0.0,0.0,.0%,,,,,,,,
2022,rushing,J.K. Dobbins,BAL,,14,,36,2,,,7,,17,2,,15.9%,17.5%,4.0,8.0,2.0,25.0%,,,,,,,,
2022,rushing,Melvin Gordon,DEN,,14,,18,2,,,10,,8,2,,36.8%,35.7%,6.0,2.0,2.0,40.0%,,,,,,,,
2022,rushing,Joshua Kelley,LAC,,14,,28,2,,,8,,15,2,,19.2%,21.1%,3.0,4.0,1.0,20.0%,,,,,,,,
2022,rushing,Trevor Lawrence,JAX,,14,,26,5,,,9,,19,5,,17.5%,18.8%,6.0,7.0,5.0,26.1%,,,,,,,,
2022,rushing,Patrick Mahomes,KC,,14,,94,4,,,6,,20,3,,16.7%,13.0%,3.0,6.0,2.0,13.0%,,,,,,,,
2022,rushing,Eno Benjamin,2TM,,13,,50,2,,,5,,9,1,,,,1.0,2.0,0.0,,,,,,,,,
2022,rushing,Alexander Mattison,MIN,,13,,46,5,,,12,,32,4,,20.0%,26.7%,3.0,-3.0,2.0,12.0%,,,,,,,,
2022,rushing,Gus Edwards,BAL,,12,,17,3,,,7,,17,3,,13.6%,17.5%,2.0,2.0,2.0,12.5%,,,,,,,,
2022,rushing,Elijah Mitchell,SF,,12,,50,2,,,7,,21,2,,11.8%,11.7%,2.0,0.0,0.0,6.5%,,,,,,,,
2022,rushing,Kyler Murray,ARI,,12,,28,3,,,5,,10,3,,17.6%,14.7%,4.0,5.0,2.0,25.0%,,,,,,,,
2022,rushing,Latavius Murray,2TM,,12,,37,6,,,11,,30,6,,,,6.0,10.0,5.0,,,,,,,,,
2022,rushing,Jaylen Warren,PIT,,12,,40,1,,,4,,10,1,,16.2%,9.8%,2.0,3.0,1.0,8.3%,,,,,,,,
2022,rushing,James Cook,BUF,,11,,29,0,,,4,,11,0,,14.5%,10.3%,0.0,0.0,0.0,.0%,,,,,,,,
2022,rushing,Damien Harris,NE,,11,,39,3,,,6,,19,3,,17.7%,18.8%,2.0,4.0,2.0,16.7%,,,,,,,,
2022,rushing,Tyler Huntley,BAL,,11,,29,1,,,4,,13,1,,12.5%,10.0%,1.0,2.0,1.0,6.3%,,,,,,,,
2022,rushing,Kenny Pickett,PIT,,11,,30,3,,,7,,8,3,,14.9%,17.1%,6.0,5.0,3.0,25.0%,,,,,,,,
2022,rushing,Rachaad White,TB,,11,,25,1,,,5,,4,1,,22.0%,17.2%,3.0,2.0,1.0,23.1%,,,,,,,,
2022,rushing,Jacoby Brissett,CLE,,10,,22,2,,,5,,7,2,,12.7%,13.2%,2.0,7.0,2.0,10.5%,,,,,,,,
2022,rushing,Tyrion Davis-Price,SF,,10,,8,0,,,4,,-1,0,,9.8%,6.7%,1.0,-1.0,0.0,3.2%,,,,,,,,
2022,rushing,Zonovan Knight,NYJ,,10,,30,1,,,4,,1,0,,16.4%,13.3%,3.0,1.0,0.0,21.4%,,,,,,,,
2022,rushing,Boston Scott,PHI,,10,,34,3,,,5,,16,3,,8.4%,6.9%,3.0,3.0,2.0,7.3%,,,,,,,,
2022,rushing,Tom Brady,TB,,9,,3,1,,,2,,2,1,,18.0%,6.9%,2.0,2.0,1.0,15.4%,,,,,,,,
2022,rushing,Matt Breida,NYG,,9,,32,1,,,4,,8,1,,12.2%,8.9%,1.0,3.0,1.0,4.2%,,,,,,,,
2022,rushing,Clyde Edwards-Helaire,KC,,9,,22,3,,,5,,4,2,,10.7%,10.9%,4.0,4.0,2.0,17.4%,,,,,,,,
2022,rushing,Darrell Henderson,LAR,,9,,30,3,,,7,,25,3,,18.0%,26.9%,3.0,8.0,2.0,21.4%,,,,,,,,
2022,rushing,Deon Jackson,IND,,9,,29,1,,,1,,3,1,,12.7%,3.1%,1.0,3.0,1.0,6.3%,,,,,,,,
2022,rushing,Keaontay Ingram,ARI,,8,,11,1,,,2,,-2,1,,11.8%,5.9%,2.0,-2.0,1.0,12.5%,,,,,,,,
2022,rushing,Mac Jones,NE,,8,,4,1,,,3,,10,1,,12.9%,9.4%,1.0,3.0,1.0,8.3%,,,,,,,,
2022,rushing,Dare Ogunbowale,HOU,,8,,27,1,,,4,,15,1,,13.6%,13.3%,2.0,5.0,1.0,15.4%,,,,,,,,
2022,rushing,Deebo Samuel,SF,,8,,29,2,,,3,,11,1,,7.8%,5.0%,1.0,-2.0,0.0,3.2%,,,,,,,,
2022,rushing,Zach Wilson,NYJ,,8,,18,1,,,4,,11,1,,13.1%,13.3%,2.0,0.0,0.0,14.3%,,,,,,,,
2022,rushing,Royce Freeman,HOU,,7,,11,0,,,3,,6,0,,11.9%,10.0%,0.0,0.0,0.0,.0%,,,,,,,,
2022,rushing,Jaret Patterson,WAS,,7,,22,0,,,3,,6,0,,9.0%,7.0%,0.0,0.0,0.0,.0%,,,,,,,,
2022,rushing,Brock Purdy,SF,,7,,6,1,,,6,,0,1,,6.9%,10.0%,5.0,-2.0,1.0,16.1%,,,,,,,,
2022,rushing,Aaron Rodgers,GB,,7,,14,1,,,5,,-4,1,,10.8%,15.6%,4.0,-1.0,1.0,25.0%,,,,,,,,
2022,rushing,Curtis Samuel,WAS,,7,,26,1,,,1,,10,1,,9.0%,2.3%,0.0,0.0,0.0,.0%,,,,,,,,
2022,rushing,Geno Smith,SEA,,7,,35,1,,,2,,8,1,,10.8%,9.5%,0.0,0.0,0.0,.0%,,,,,,,,
2022,rushing,Ryan Tannehill,TEN,,7,,10,2,,,6,,2,2,,14.6%,25.0%,2.0,2.0,2.0,11.8%,,,,,,,,
2022,rushing,Kirk Cousins,MIN,,6,,26,2,,,4,,-6,1,,9.2%,8.9%,3.0,-2.0,1.0,12.0%,,,,,,,,
2022,rushing,Andy Dalton,NO,,6,,7,0,,,2,,5,0,,10.9%,7.7%,2.0,5.0,0.0,18.2%,,,,,,,,
2022,rushing,Trestan Ebner,CHI,,6,,16,0,,,4,,7,0,,7.1%,9.3%,1.0,1.0,0.0,5.0%,,,,,,,,
2022,rushing,Jamycal Hasty,JAX,,6,,10,1,,,4,,7,1,,7.5%,8.3%,2.0,-2.0,0.0,8.7%,,,,,,,,
2022,rushing,Justin Herbert,LAC,,6,,23,0,,,3,,5,0,,8.2%,7.9%,1.0,2.0,0.0,6.7%,,,,,,,,
2022,rushing,Baker Mayfield,CAR,,6,,24,1,,,1,,7,1,,8.2%,3.0%,0.0,0.0,0.0,.0%,,,,,,,,
2022,rushing,Davis Mills,HOU,,6,,34,2,,,3,,10,1,,10.2%,10.0%,1.0,4.0,1.0,7.7%,,,,,,,,
2022,rushing,Dak Prescott,DAL,,6,,31,1,,,2,,11,1,,8.6%,4.8%,0.0,0.0,0.0,.0%,,,,,,,,
2022,rushing,Deshaun Watson,CLE,,6,,16,1,,,1,,1,0,,7.6%,2.6%,1.0,1.0,0.0,5.3%,,,,,,,,
2022,rushing,Raheem Blackshear,CAR,,5,,19,3,,,4,,17,3,,6.8%,12.1%,2.0,2.0,1.0,14.3%,,,,,,,,
2022,rushing,Sam Darnold,CAR,,5,,19,2,,,4,,6,2,,6.8%,12.1%,3.0,7.0,2.0,21.4%,,,,,,,,
2022,rushing,Chase Edmonds,MIA,,5,,4,2,,,2,,4,2,,9.8%,9.5%,2.0,4.0,2.0,16.7%,,,,,,,,
2022,rushing,Jimmy Garoppolo,SF,,5,,6,2,,,4,,3,2,,4.9%,6.7%,4.0,3.0,2.0,12.9%,,,,,,,,
2022,rushing,Nyheim Hines,2TM,,5,,3,1,,,5,,3,1,,,,1.0,-2.0,0.0,,,,,,,,,
2022,rushing,Mark Ingram,NO,,5,,15,1,,,3,,7,1,,9.1%,11.5%,1.0,0.0,0.0,9.1%,,,,,,,,
2022,rushing,Justin Jackson,DET,,5,,27,1,,,2,,5,0,,5.3%,3.3%,1.0,1.0,0.0,3.0%,,,,,,,,
2022,rushing,Kyle Juszczyk,SF,,5,,22,1,,,2,,1,1,,4.9%,3.3%,2.0,1.0,1.0,6.5%,,,,,,,,
2022,rushing,Sony Michel,LAC,,5,,8,0,,,2,,0,0,,6.8%,5.3%,2.0,0.0,0.0,13.3%,,,,,,,,
2022,rushing,Rashaad Penny,SEA,,5,,5,0,,,1,,1,0,,7.7%,4.8%,0.0,0.0,0.0,.0%,,,,,,,,
2022,rushing,Desmond Ridder,ATL,,5,,8,0,,,2,,0,0,,4.5%,4.2%,2.0,0.0,0.0,11.1%,,,,,,,,
2022,rushing,Carson Wentz,WAS,,5,,23,1,,,4,,10,1,,6.4%,9.3%,2.0,3.0,1.0,11.8%,,,,,,,,
2022,rushing,Jonathan Williams,WAS,,5,,5,0,,,1,,-3,0,,6.4%,2.3%,1.0,-3.0,0.0,5.9%,,,,,,,,
2022,rushing,Russell Wilson,DEN,,5,,36,3,,,2,,7,2,,13.2%,7.1%,2.0,7.0,2.0,13.3%,,,,,,,,
2022,rushing,Gary Brightwell,NYG,,4,,5,1,,,3,,2,1,,5.4%,6.7%,1.0,2.0,1.0,4.2%,,,,,,,,
2022,rushing,Malcolm Brown,LAR,,4,,1,0,,,3,,-2,0,,8.0%,11.5%,2.0,0.0,0.0,14.3%,,,,,,,,
2022,rushing,Tevin Coleman,SF,,4,,3,1,,,2,,3,1,,3.9%,3.3%,1.0,-2.0,0.0,3.2%,,,,,,,,
2022,rushing,Sam Ehlinger,IND,,4,,9,0,,,2,,4,0,,5.6%,6.3%,1.0,0.0,0.0,6.3%,,,,,,,,
2022,rushing,Jared Goff,DET,,4,,-1,0,,,2,,-1,0,,4.2%,3.3%,0.0,0.0,0.0,.0%,,,,,,,,
2022,rushing,Taylor Heinicke,WAS,,4,,12,1,,,3,,8,1,,5.1%,7.0%,1.0,1.0,1.0,5.9%,,,,,,,,
2022,rushing,Justice Hill,BAL,,4,,15,0,,,1,,3,0,,4.5%,2.5%,0.0,0.0,0.0,.0%,,,,,,,,
2022,rushing,Trey Lance,SF,,4,,19,0,,,1,,3,0,,3.9%,1.7%,0.0,0.0,0.0,.0%,,,,,,,,
2022,rushing,Matt Ryan,IND,,4,,3,1,,,3,,2,1,,5.6%,9.4%,2.0,1.0,1.0,12.5%,,,,,,,,
2022,rushing,Amon-Ra St. Brown,DET,,4,,12,0,,,1,,4,0,,4.2%,1.6%,0.0,0.0,0.0,.0%,,,,,,,,
2022,rushing,Tua Tagovailoa,MIA,,4,,8,0,,,0,,0,0,,7.8%,.0%,0.0,0.0,0.0,.0%,,,,,,,,
2022,rushing,Darrel Williams,ARI,,4,,8,1,,,1,,1,1,,5.9%,2.9%,1.0,1.0,1.0,6.3%,,,,,,,,
2022,rushing,Javonte Williams,DEN,,4,,8,0,,,4,,8,0,,10.5%,14.3%,1.0,0.0,0.0,6.7%,,,,,,,,
2022,rushing,Tutu Atwell,LAR,,3,,12,1,,,0,,0,0,,6.0%,.0%,0.0,0.0,0.0,.0%,,,,,,,,
2022,rushing,Brandon Bolden,LVR,,3,,7,0,,,2,,4,0,,5.8%,7.4%,1.0,3.0,0.0,8.3%,,,,,,,,
2022,rushing,Rex Burkhead,HOU,,3,,0,0,,,3,,0,0,,5.1%,10.0%,2.0,-3.0,0.0,15.4%,,,,,,,,
2022,rushing,Derek Carr,LVR,,3,,7,0,,,0,,0,0,,5.8%,.0%,0.0,0.0,0.0,.0%,,,,,,,,
2022,rushing,Corey Clement,ARI,,3,,9,1,,,3,,9,1,,4.4%,8.8%,1.0,1.0,1.0,6.3%,,,,,,,,
2022,rushing,Malik Davis,DAL,,3,,16,0,,,1,,1,0,,4.3%,2.4%,0.0,0.0,0.0,.0%,,,,,,,,
2022,rushing,Mike Davis,BAL,,3,,4,0,,,2,,1,0,,3.4%,5.0%,2.0,1.0,0.0,12.5%,,,,,,,,
2022,rushing,Jeff Driskel,HOU,,3,,-1,0,,,2,,0,0,,5.1%,6.7%,1.0,1.0,0.0,7.7%,,,,,,,,
2022,rushing,Devin Duvernay,BAL,,3,,24,1,,,1,,2,0,,3.4%,2.5%,0.0,0.0,0.0,.0%,,,,,,,,
2022,rushing,Kevin Harris,NE,,3,,18,1,,,1,,3,0,,4.8%,3.1%,0.0,0.0,0.0,.0%,,,,,,,,
2022,rushing,Travis Homer,SEA,,3,,4,0,,,2,,3,0,,4.6%,9.5%,0.0,0.0,0.0,.0%,,,,,,,,
2022,rushing,Jordan Mason,SF,,3,,17,1,,,2,,3,0,,2.9%,3.3%,1.0,-1.0,0.0,3.2%,,,,,,,,
2022,rushing,Nick Mullens,MIN,,3,,6,0,,,2,,2,0,,4.6%,4.4%,1.0,0.0,0.0,4.0%,,,,,,,,
2022,rushing,Pierre Strong,NE,,3,,5,1,,,1,,3,1,,4.8%,3.1%,1.0,3.0,1.0,8.3%,,,,,,,,
2022,rushing,Mitchell Trubisky,PIT,,3,,2,2,,,3,,2,2,,4.1%,7.3%,3.0,2.0,2.0,12.5%,,,,,,,,
2022,rushing,Mike White,NYJ,,3,,7,1,,,3,,7,1,,4.9%,10.0%,1.0,1.0,1.0,7.1%,,,,,,,,
2022,rushing,Malik Willis,TEN,,3,,25,1,,,1,,4,0,,6.3%,4.2%,0.0,0.0,0.0,.0%,,,,,,,,
2022,rushing,Salvon Ahmed,MIA,,2,,16,1,,,0,,0,0,,3.9%,.0%,0.0,0.0,0.0,.0%,,,,,,,,
2022,rushing,Giovani Bernard,TB,,2,,5,0,,,1,,4,0,,4.0%,3.4%,0.0,0.0,0.0,.0%,,,,,,,,
2022,rushing,Kendrick Bourne,NE,,2,,-8,0,,,0,,0,0,,3.2%,.0%,0.0,0.0,0.0,.0%,,,,,,,,
2022,rushing,Spencer Brown,CAR,,2,,5,0,,,2,,5,0,,2.7%,6.1%,0.0,0.0,0.0,.0%,,,,,,,,
2022,rushing,Julius Chestnut,TEN,,2,,-3,0,,,0,,0,0,,4.2%,.0%,0.0,0.0,0.0,.0%,,,,,,,,
2022,rushing,DeeJay Dallas,SEA,,2,,4,0,,,0,,0,0,,3.1%,.0%,0.0,0.0,0.0,.0%,,,,,,,,
2022,rushing,Greg Dortch,ARI,,2,,12,0,,,1,,3,0,,2.9%,2.9%,1.0,3.0,0.0,6.3%,,,,,,,,
2022,rushing,Chris Godwin,TB,,2,,3,0,,,2,,3,0,,4.0%,6.9%,0.0,0.0,0.0,.0%,,,,,,,,
2022,rushing,C.J. Ham,MIN,,2,,4,2,,,2,,4,2,,3.1%,4.4%,2.0,4.0,2.0,8.0%,,,,,,,,
2022,rushing,Chad Henne,KC,,2,,-2,0,,,2,,-2,0,,2.4%,4.3%,0.0,0.0,0.0,.0%,,,,,,,,
2022,rushing,Tyreek Hill,MIA,,2,,1,1,,,1,,2,1,,3.9%,4.8%,1.0,2.0,1.0,8.3%,,,,,,,,
2022,rushing,Alec Ingold,MIA,,2,,1,1,,,2,,1,1,,3.9%,9.5%,2.0,1.0,1.0,16.7%,,,,,,,,
2022,rushing,David Johnson,NO,,2,,4,0,,,0,,0,0,,3.6%,.0%,0.0,0.0,0.0,.0%,,,,,,,,
2022,rushing,Diontae Johnson,PIT,,2,,5,0,,,0,,0,0,,2.7%,.0%,0.0,0.0,0.0,.0%,,,,,,,,
2022,rushing,Ty Johnson,NYJ,,2,,0,0,,,0,,0,0,,3.3%,.0%,0.0,0.0,0.0,.0%,,,,,,,,
2022,rushing,Zay Jones,JAX,,2,,7,0,,,1,,0,0,,2.5%,2.1%,0.0,0.0,0.0,.0%,,,,,,,,
2022,rushing,Case Keenum,BUF,,2,,-2,0,,,0,,0,0,,2.6%,.0%,0.0,0.0,0.0,.0%,,,,,,,,
2022,rushing,Travis Kelce,KC,,2,,5,0,,,2,,5,0,,2.4%,4.3%,1.0,1.0,0.0,4.3%,,,,,,,,
2022,rushing,Colt McCoy,ARI,,2,,5,0,,,1,,2,0,,2.9%,2.9%,0.0,0.0,0.0,.0%,,,,,,,,
2022,rushing,Isaiah McKenzie,BUF,,2,,2,1,,,1,,7,1,,2.6%,2.6%,0.0,0.0,0.0,.0%,,,,,,,,
2022,rushing,Gardner Minshew,PHI,,2,,4,1,,,2,,4,1,,1.7%,2.8%,1.0,1.0,1.0,2.4%,,,,,,,,
2022,rushing,Bryce Perkins,LAR,,2,,0,0,,,1,,-4,0,,4.0%,3.8%,0.0,0.0,0.0,.0%,,,,,,,,
2022,rushing,Brandon Powell,LAR,,2,,9,0,,,0,,0,0,,4.0%,.0%,0.0,0.0,0.0,.0%,,,,,,,,
2022,rushing,Adam Prentice,NO,,2,,4,0,,,0,,0,0,,3.6%,.0%,0.0,0.0,0.0,.0%,,,,,,,,
2022,rushing,Patrick Ricard,BAL,,2,,3,0,,,2,,3,0,,2.3%,5.0%,0.0,0.0,0.0,.0%,,,,,,,,
2022,rushing,Durham Smythe,MIA,,2,,1,1,,,1,,1,1,,3.9%,4.8%,1.0,1.0,1.0,8.3%,,,,,,,,
2022,rushing,Benny Snell,PIT,,2,,4,1,,,1,,2,1,,2.7%,2.4%,1.0,2.0,1.0,4.2%,,,,,,,,
2022,rushing,Jarrett Stidham,LVR,,2,,13,0,,,1,,4,0,,3.8%,3.7%,0.0,0.0,0.0,.0%,,,,,,,,
2022,rushing,Trent Taylor,CIN,,2,,6,0,,,1,,-3,0,,2.6%,2.0%,1.0,-3.0,0.0,4.5%,,,,,,,,
2022,rushing,Tyquan Thornton,NE,,2,,18,1,,,1,,-1,0,,3.2%,3.1%,0.0,0.0,0.0,.0%,,,,,,,,
2022,rushing,Kadarius Toney,KC,,2,,25,1,,,0,,0,0,,2.4%,.0%,0.0,0.0,0.0,.0%,,,,,,,,
2022,rushing,Derek Watt,PIT,,2,,3,1,,,1,,1,1,,2.7%,2.4%,1.0,1.0,1.0,4.2%,,,,,,,,
2022,rushing,Zamir White,LVR,,2,,-5,0,,,0,,0,0,,3.8%,.0%,0.0,0.0,0.0,.0%,,,,,,,,
2022,rushing,Jordan Wilkins,IND,,2,,5,0,,,0,,0,0,,2.8%,.0%,0.0,0.0,0.0,.0%,,,,,,,,
2022,rushing,Avery Williams,ATL,,2,,6,1,,,1,,8,1,,1.8%,2.1%,0.0,0.0,0.0,.0%,,,,,,,,
2022,rushing,Ameer Abdullah,LVR,,1,,3,0,,,1,,3,0,,1.9%,3.7%,0.0,0.0,0.0,.0%,,,,,,,,
2022,rushing,Daniel Bellinger,NYG,,1,,2,1,,,1,,2,1,,1.4%,2.2%,1.0,2.0,1.0,4.2%,,,,,,,,
2022,rushing,Braxton Berrios,NYJ,,1,,15,1,,,0,,0,0,,1.6%,.0%,0.0,0.0,0.0,.0%,,,,,,,,
2022,rushing,Mike Boone,DEN,,1,,1,0,,,0,,0,0,,2.6%,.0%,0.0,0.0,0.0,.0%,,,,,,,,
2022,rushing,Teddy Bridgewater,MIA,,1,,10,0,,,0,,0,0,,2.0%,.0%,0.0,0.0,0.0,.0%,,,,,,,,
2022,rushing,Michael Burton,KC,,1,,2,0,,,0,,0,0,,1.2%,.0%,0.0,0.0,0.0,.0%,,,,,,,,
2022,rushing,Parris Campbell,IND,,1,,1,0,,,0,,0,0,,1.4%,.0%,0.0,0.0,0.0,.0%,,,,,,,,
2022,rushing,Ja'Marr Chase,CIN,,1,,-1,0,,,0,,0,0,,1.3%,.0%,0.0,0.0,0.0,.0%,,,,,,,,
2022,rushing,Chase Claypool,PIT,,1,,0,0,,,1,,0,0,,1.4%,2.4%,1.0,0.0,0.0,4.2%,,,,,,,,
2022,rushing,Tyler Conklin,NYJ,,1,,1,0,,,1,,1,0,,1.6%,3.3%,1.0,1.0,0.0,7.1%,,,,,,,,
2022,rushing,Snoop Conner,JAX,,1,,3,1,,,1,,3,1,,1.3%,2.1%,1.0,3.0,1.0,4.3%,,,,,,,,
2022,rushing,Evan Engram,JAX,,1,,0,0,,,1,,0,0,,1.3%,2.1%,0.0,0.0,0.0,.0%,,,,,,,,
2022,rushing,Nick Foles,IND,,1,,0,0,,,0,,0,0,,1.4%,.0%,0.0,0.0,0.0,.0%,,,,,,,,
2022,rushing,Noah Gray,KC,,1,,1,1,,,1,,1,1,,1.2%,2.2%,1.0,1.0,1.0,4.3%,,,,,,,,
2022,rushing,KJ Hamler,DEN,,1,,9,0,,,0,,0,0,,2.6%,.0%,0.0,0.0,0.0,.0%,,,,,,,,
2022,rushing,Mecole Hardman,KC,,1,,3,1,,,1,,3,1,,1.2%,2.2%,1.0,3.0,1.0,4.3%,,,,,,,,
2022,rushing,Peyton Hendershot,DAL,,1,,2,1,,,1,,2,1,,1.4%,2.4%,1.0,2.0,1.0,4.3%,,,,,,,,
2022,rushing,Zander Horvath,LAC,,1,,3,0,,,1,,3,0,,1.4%,2.6%,1.0,3.0,0.0,6.7%,,,,,,,,
2022,rushing,Sam Howell,WAS,,1,,9,1,,,1,,9,1,,1.3%,2.3%,0.0,0.0,0.0,.0%,,,,,,,,
2022,rushing,Robert Hunt,MIA,,1,,0,0,,,0,,0,0,,2.0%,.0%,0.0,0.0,0.0,.0%,,,,,,,,
2022,rushing,Andy Isabella,BAL,,1,,1,0,,,0,,0,0,,1.1%,.0%,0.0,0.0,0.0,.0%,,,,,,,,
2022,rushing,Justin Jefferson,MIN,,1,,3,1,,,1,,3,1,,1.5%,2.2%,1.0,3.0,1.0,4.0%,,,,,,,,
2022,rushing,D'Ernest Johnson,CLE,,1,,4,0,,,0,,0,0,,1.3%,.0%,0.0,0.0,0.0,.0%,,,,,,,,
2022,rushing,Duke Johnson,BUF,,1,,4,0,,,0,,0,0,,1.3%,.0%,0.0,0.0,0.0,.0%,,,,,,,,
2022,rushing,Josh Johnson,SF,,1,,-1,0,,,0,,0,0,,1.0%,.0%,0.0,0.0,0.0,.0%,,,,,,,,
2022,rushing,Ronald Jones,KC,,1,,2,1,,,1,,2,1,,1.2%,2.2%,1.0,2.0,1.0,4.3%,,,,,,,,
2022,rushing,Velus Jones,CHI,,1,,8,0,,,0,,0,0,,1.2%,.0%,0.0,0.0,0.0,.0%,,,,,,,,
2022,rushing,CeeDee Lamb,DAL,,1,,6,0,,,0,,0,0,,1.4%,.0%,0.0,0.0,0.0,.0%,,,,,,,,
2022,rushing,Marlon Mack,DEN,,1,,3,1,,,1,,3,1,,2.6%,3.6%,1.0,3.0,1.0,6.7%,,,,,,,,
2022,rushing,Anthony McFarland,PIT,,1,,3,0,,,1,,3,0,,1.4%,2.4%,0.0,0.0,0.0,.0%,,,,,,,,
2022,rushing,J.D. McKissic,WAS,,1,,1,0,,,0,,0,0,,1.3%,.0%,0.0,0.0,0.0,.0%,,,,,,,,
2022,rushing,Trace McSorley,ARI,,1,,2,0,,,0,,0,0,,1.5%,.0%,0.0,0.0,0.0,.0%,,,,,,,,
2022,rushing,Darnell Mooney,CHI,,1,,2,0,,,0,,0,0,,1.2%,.0%,0.0,0.0,0.0,.0%,,,,,,,,
2022,rushing,D.J. Moore,CAR,,1,,1,0,,,0,,0,0,,1.4%,.0%,0.0,0.0,0.0,.0%,,,,,,,,
2022,rushing,Rondale Moore,ARI,,1,,-4,0,,,1,,-4,0,,1.5%,2.9%,0.0,0.0,0.0,.0%,,,,,,,,
2022,rushing,Skyy Moore,KC,,1,,3,0,,,1,,3,0,,1.2%,2.2%,0.0,0.0,0.0,.0%,,,,,,,,
2022,rushing,Zach Pascal,PHI,,1,,0,0,,,1,,0,0,,.8%,1.4%,0.0,0.0,0.0,.0%,,,,,,,,
2022,rushing,George Pickens,PIT,,1,,1,1,,,1,,1,1,,1.4%,2.4%,1.0,1.0,1.0,4.2%,,,,,,,,
2022,rushing,Kalif Raymond,DET,,1,,8,0,,,0,,0,0,,1.1%,.0%,0.0,0.0,0.0,.0%,,,,,,,,
2022,rushing,Jalen Reagor,MIN,,1,,5,0,,,0,,0,0,,1.5%,.0%,0.0,0.0,0.0,.0%,,,,,,,,
2022,rushing,Craig Reynolds,DET,,1,,5,0,,,0,,0,0,,1.1%,.0%,0.0,0.0,0.0,.0%,,,,,,,,
2022,rushing,Ronnie Rivers,LAR,,1,,1,0,,,0,,0,0,,2.0%,.0%,0.0,0.0,0.0,.0%,,,,,,,,
2022,rushing,Ben Skowronek,LAR,,1,,17,1,,,0,,0,0,,2.0%,.0%,0.0,0.0,0.0,.0%,,,,,,,,
2022,rushing,Matthew Stafford,LAR,,1,,1,1,,,1,,1,1,,2.0%,3.8%,1.0,1.0,1.0,7.1%,,,,,,,,
2022,rushing,J.J. Taylor,NE,,1,,-1,0,,,1,,-1,0,,1.6%,3.1%,1.0,-1.0,0.0,8.3%,,,,,,,,
2022,rushing,Patrick Taylor,GB,,1,,2,0,,,1,,2,0,,1.5%,3.1%,0.0,0.0,0.0,.0%,,,,,,,,
2022,rushing,DJ Turner,LVR,,1,,6,0,,,0,,0,0,,1.9%,.0%,0.0,0.0,0.0,.0%,,,,,,,,
2022,rushing,KaVontae Turpin,DAL,,1,,3,0,,,0,,0,0,,1.4%,.0%,0.0,0.0,0.0,.0%,,,,,,,,
2022,rushing,Dwayne Washington,NO,,1,,3,0,,,0,,0,0,,1.8%,.0%,0.0,0.0,0.0,.0%,,,,,,,,
2022,rushing,Montrell Washington,DEN,,1,,1,0,,,1,,1,0,,2.6%,3.6%,0.0,0.0,0.0,.0%,,,,,,,,
2022,rushing,Quez Watkins,PHI,,1,,4,0,,,0,,0,0,,.8%,.0%,0.0,0.0,0.0,.0%,,,,,,,,
2022,rushing,Christian Watson,GB,,1,,15,1,,,0,,0,0,,1.5%,.0%,0.0,0.0,0.0,.0%,,,,,,,,
2022,rushing,Davis Webb,NYG,,1,,14,1,,,0,,0,0,,1.4%,.0%,0.0,0.0,0.0,.0%,,,,,,,,
2022,rushing,Garrett Wilson,NYJ,,1,,7,0,,,0,,0,0,,1.6%,.0%,0.0,0.0,0.0,.0%,,,,,,,,
2022,rushing,Bailey Zappe,NE,,1,,5,0,,,0,,0,0,,1.6%,.0%,0.0,0.0,0.0,.0%,,,,,,,,
2022,receiving,Travis Kelce,KC,,,,102,10,,,,,44,8,,,,,,,,30.0,19.0,63.33%,28.0%,19.0,13.0,68.42%,29.7%
2022,receiving,Justin Jefferson,MIN,,,,106,6,,,,,59,5,,,,,,,,28.0,14.0,50.00%,28.6%,19.0,9.0,47.37%,36.5%
2022,receiving,D.K. Metcalf,SEA,,,,62,5,,,,,15,3,,,,,,,,27.0,8.0,29.63%,40.3%,10.0,3.0,30.00%,37.0%
2022,receiving,Ja'Marr Chase,CIN,,,,113,5,,,,,19,3,,,,,,,,24.0,14.0,58.33%,27.6%,9.0,3.0,33.33%,25.7%
2022,receiving,Stefon Diggs,BUF,,,,91,7,,,,,21,4,,,,,,,,23.0,11.0,47.83%,29.9%,12.0,5.0,41.67%,34.3%
2022,receiving,Austin Ekeler,LAC,,,,65,5,,,,,0,3,,,,,,,,23.0,18.0,78.26%,24.0%,13.0,12.0,92.31%,28.3%
2022,receiving,Davante Adams,LVR,,,,39,4,,,,,18,4,,,,,,,,22.0,10.0,45.45%,31.9%,12.0,5.0,41.67%,36.4%
2022,receiving,Christian Kirk,JAX,,,,97,7,,,,,33,6,,,,,,,,22.0,12.0,54.55%,28.9%,10.0,6.0,60.00%,31.3%
2022,receiving,Amon-Ra St. Brown,DET,,,,98,6,,,,,20,4,,,,,,,,21.0,13.0,61.90%,24.4%,7.0,5.0,71.43%,17.1%
2022,receiving,Adam Thielen,MIN,,,,78,5,,,,,13,4,,,,,,,,21.0,14.0,66.67%,21.4%,11.0,6.0,54.55%,21.2%
2022,receiving,David Njoku,CLE,,,,87,4,,,,,21,2,,,,,,,,20.0,12.0,60.00%,28.6%,7.0,3.0,42.86%,23.3%
2022,receiving,Garrett Wilson,NYJ,,,,35,3,,,,,15,2,,,,,,,,19.0,5.0,26.32%,30.2%,10.0,3.0,30.00%,35.7%
2022,receiving,Russell Gage,TB,,,,76,5,,,,,25,5,,,,,,,,18.0,12.0,66.67%,18.8%,9.0,6.0,66.67%,18.4%
2022,receiving,T.J. Hockenson,2TM,,,,61,5,,,,,10,3,,,,,,,,18.0,10.0,55.56%,,8.0,3.0,37.50%,
2022,receiving,Zay Jones,JAX,,,,40,3,,,,,14,2,,,,,,,,18.0,8.0,44.44%,23.7%,7.0,4.0,57.14%,21.9%
2022,receiving,Mark Andrews,BAL,,,,62,5,,,,,3,2,,,,,,,,17.0,10.0,58.82%,24.3%,6.0,3.0,50.00%,20.7%
2022,receiving,Allen Lazard,GB,,,,50,4,,,,,15,3,,,,,,,,17.0,9.0,52.94%,23.0%,10.0,5.0,50.00%,31.3%
2022,receiving,A.J. Brown,PHI,,,,82,4,,,,,21,2,,,,,,,,16.0,8.0,50.00%,34.0%,8.0,3.0,37.50%,40.0%
2022,receiving,Amari Cooper,CLE,,,,54,6,,,,,17,3,,,,,,,,16.0,6.0,37.50%,22.9%,7.0,3.0,42.86%,23.3%
2022,receiving,Tyler Higbee,LAR,,,,61,3,,,,,31,3,,,,,,,,16.0,8.0,50.00%,24.2%,10.0,5.0,50.00%,25.6%
2022,receiving,Diontae Johnson,PIT,,,,38,0,,,,,8,0,,,,,,,,16.0,6.0,37.50%,28.6%,5.0,2.0,40.00%,17.2%
2022,receiving,Drake London,ATL,,,,59,4,,,,,13,3,,,,,,,,16.0,8.0,50.00%,33.3%,9.0,3.0,33.33%,32.1%
2022,receiving,Dalton Schultz,DAL,,,,59,5,,,,,39,4,,,,,,,,16.0,8.0,50.00%,23.9%,8.0,6.0,75.00%,22.9%
2022,receiving,JuJu Smith-Schuster,KC,,,,73,1,,,,,2,1,,,,,,,,16.0,12.0,75.00%,15.0%,4.0,2.0,50.00%,6.3%
2022,receiving,Brandon Aiyuk,SF,,,,75,6,,,,,12,3,,,,,,,,15.0,10.0,66.67%,24.6%,4.0,3.0,75.00%,13.3%
2022,receiving,Keenan Allen,LAC,,,,56,3,,,,,9,2,,,,,,,,15.0,9.0,60.00%,15.6%,7.0,3.0,42.86%,15.2%
2022,receiving,Zach Ertz,ARI,,,,42,4,,,,,28,4,,,,,,,,15.0,8.0,53.33%,24.6%,10.0,5.0,50.00%,35.7%
2022,receiving,Gerald Everett,LAC,,,,60,4,,,,,11,2,,,,,,,,15.0,9.0,60.00%,15.6%,7.0,3.0,42.86%,15.2%
2022,receiving,Chris Godwin,TB,,,,65,3,,,,,32,3,,,,,,,,15.0,10.0,66.67%,15.6%,9.0,6.0,66.67%,18.4%
2022,receiving,George Kittle,SF,,,,53,5,,,,,14,4,,,,,,,,15.0,8.0,53.33%,24.6%,8.0,4.0,50.00%,26.7%
2022,receiving,Jerick McKinnon,KC,,,,50,7,,,,,46,7,,,,,,,,15.0,11.0,73.33%,14.0%,11.0,9.0,81.82%,17.2%
2022,receiving,Cade Otton,TB,,,,19,2,,,,,7,2,,,,,,,,15.0,6.0,40.00%,15.6%,8.0,3.0,37.50%,16.3%
2022,receiving,Mike Evans,TB,,,,40,3,,,,,6,2,,,,,,,,14.0,7.0,50.00%,14.6%,7.0,2.0,28.57%,14.3%
2022,receiving,Michael Pittman,IND,,,,58,4,,,,,18,3,,,,,,,,14.0,9.0,64.29%,22.2%,9.0,5.0,55.56%,28.1%
2022,receiving,Allen Robinson,LAR,,,,33,3,,,,,18,3,,,,,,,,14.0,5.0,35.71%,21.2%,12.0,4.0,33.33%,30.8%
2022,receiving,D'Andre Swift,DET,,,,64,1,,,,,7,1,,,,,,,,14.0,10.0,71.43%,16.3%,3.0,1.0,33.33%,7.3%
2022,receiving,Gabriel Davis,BUF,,,,60,3,,,,,8,1,,,,,,,,13.0,6.0,46.15%,16.9%,5.0,1.0,20.00%,14.3%
2022,receiving,Joe Mixon,CIN,,,,41,2,,,,,12,1,,,,,,,,13.0,9.0,69.23%,14.9%,6.0,2.0,33.33%,17.1%
2022,receiving,Donovan Peoples-Jones,CLE,,,,24,3,,,,,9,2,,,,,,,,13.0,5.0,38.46%,18.6%,7.0,3.0,42.86%,23.3%
2022,receiving,Josh Reynolds,DET,,,,34,3,,,,,22,3,,,,,,,,13.0,6.0,46.15%,15.1%,10.0,5.0,50.00%,24.4%
2022,receiving,Deebo Samuel,SF,,,,46,1,,,,,16,1,,,,,,,,13.0,8.0,61.54%,21.3%,7.0,3.0,42.86%,23.3%
2022,receiving,Christian Watson,GB,,,,54,4,,,,,17,2,,,,,,,,13.0,8.0,61.54%,17.6%,7.0,4.0,57.14%,21.9%
2022,receiving,Mike Williams,LAC,,,,83,4,,,,,10,1,,,,,,,,13.0,9.0,69.23%,13.5%,1.0,1.0,100.00%,2.2%
2022,receiving,Robert Woods,TEN,,,,52,2,,,,,20,2,,,,,,,,13.0,7.0,53.85%,23.2%,5.0,3.0,60.00%,20.8%
2022,receiving,Tyler Boyd,CIN,,,,72,4,,,,,7,2,,,,,,,,12.0,9.0,75.00%,13.8%,4.0,3.0,75.00%,11.4%
2022,receiving,Michael Gallup,DAL,,,,52,4,,,,,19,2,,,,,,,,12.0,6.0,50.00%,17.9%,7.0,3.0,42.86%,20.0%
2022,receiving,Mike Gesicki,MIA,,,,63,5,,,,,19,3,,,,,,,,12.0,8.0,66.67%,19.4%,7.0,4.0,57.14%,22.6%
2022,receiving,CeeDee Lamb,DAL,,,,52,4,,,,,17,3,,,,,,,,12.0,8.0,66.67%,17.9%,6.0,4.0,66.67%,17.1%
2022,receiving,DeVonta Smith,PHI,,,,64,5,,,,,18,3,,,,,,,,12.0,7.0,58.33%,25.5%,4.0,3.0,75.00%,20.0%
2022,receiving,Courtland Sutton,DEN,,,,30,1,,,,,5,1,,,,,,,,12.0,4.0,33.33%,24.5%,6.0,1.0,16.67%,22.2%
2022,receiving,Jordan Akins,HOU,,,,55,3,,,,,7,1,,,,,,,,11.0,6.0,54.55%,16.7%,3.0,2.0,66.67%,12.0%
2022,receiving,Noah Brown,DAL,,,,48,3,,,,,14,2,,,,,,,,11.0,7.0,63.64%,16.4%,5.0,3.0,60.00%,14.3%
2022,receiving,Mack Hollins,LVR,,,,34,2,,,,,17,2,,,,,,,,11.0,5.0,45.45%,15.9%,7.0,3.0,42.86%,21.2%
2022,receiving,Juwan Johnson,NO,,,,73,5,,,,,13,2,,,,,,,,11.0,7.0,63.64%,18.0%,4.0,3.0,75.00%,19.0%
2022,receiving,Marvin Jones,JAX,,,,66,3,,,,,26,2,,,,,,,,11.0,6.0,54.55%,14.5%,5.0,3.0,60.00%,15.6%
2022,receiving,Alvin Kamara,NO,,,,41,1,,,,,5,0,,,,,,,,11.0,7.0,63.64%,18.0%,1.0,1.0,100.00%,4.8%
2022,receiving,Cooper Kupp,LAR,,,,56,4,,,,,15,3,,,,,,,,11.0,8.0,72.73%,16.7%,6.0,4.0,66.67%,15.4%
2022,receiving,Isaiah Likely,BAL,,,,36,2,,,,,22,2,,,,,,,,11.0,6.0,54.55%,15.7%,7.0,3.0,42.86%,24.1%
2022,receiving,Terry McLaurin,WAS,,,,69,3,,,,,14,1,,,,,,,,11.0,8.0,72.73%,20.4%,3.0,3.0,100.00%,10.7%
2022,receiving,Chris Moore,HOU,,,,33,2,,,,,4,0,,,,,,,,11.0,5.0,45.45%,16.7%,2.0,1.0,50.00%,8.0%
2022,receiving,Marquez Valdes-Scantling,KC,,,,29,2,,,,,4,1,,,,,,,,11.0,3.0,27.27%,10.3%,5.0,1.0,20.00%,7.8%
2022,receiving,Darren Waller,LVR,,,,28,1,,,,,9,1,,,,,,,,11.0,4.0,36.36%,15.9%,7.0,2.0,28.57%,21.2%
2022,receiving,Marquise Brown,ARI,,,,30,1,,,,,6,1,,,,,,,,10.0,5.0,50.00%,16.4%,2.0,1.0,50.00%,7.1%
2022,receiving,Brandin Cooks,HOU,,,,54,3,,,,,6,1,,,,,,,,10.0,7.0,70.00%,15.2%,4.0,1.0,25.00%,16.0%
2022,receiving,Dalvin Cook,MIN,,,,34,1,,,,,13,0,,,,,,,,10.0,5.0,50.00%,10.2%,4.0,3.0,75.00%,7.7%
2022,receiving,Pat Freiermuth,PIT,,,,26,2,,,,,18,2,,,,,,,,10.0,4.0,40.00%,17.9%,6.0,2.0,33.33%,20.7%
2022,receiving,Mecole Hardman,KC,,,,52,4,,,,,22,4,,,,,,,,10.0,8.0,80.00%,9.3%,6.0,5.0,83.33%,9.4%
2022,receiving,Tee Higgins,CIN,,,,41,4,,,,,19,3,,,,,,,,10.0,5.0,50.00%,11.5%,4.0,3.0,75.00%,11.4%
2022,receiving,Jerry Jeudy,DEN,,,,39,4,,,,,21,3,,,,,,,,10.0,6.0,60.00%,20.4%,6.0,4.0,66.67%,22.2%
2022,receiving,Cole Kmet,CHI,,,,60,6,,,,,20,3,,,,,,,,10.0,8.0,80.00%,27.0%,5.0,3.0,60.00%,29.4%
2022,receiving,D.J. Moore,CAR,,,,36,4,,,,,15,3,,,,,,,,10.0,5.0,50.00%,26.3%,5.0,3.0,60.00%,29.4%
2022,receiving,Chris Olave,NO,,,,63,2,,,,,9,1,,,,,,,,10.0,7.0,70.00%,16.4%,2.0,2.0,100.00%,9.5%
2022,receiving,Josh Oliver,BAL,,,,24,2,,,,,1,1,,,,,,,,10.0,4.0,40.00%,14.3%,3.0,1.0,33.33%,10.3%
2022,receiving,Demarcus Robinson,BAL,,,,28,2,,,,,6,1,,,,,,,,10.0,4.0,40.00%,14.3%,3.0,1.0,33.33%,10.3%
2022,receiving,Rex Burkhead,HOU,,,,30,1,,,,,15,1,,,,,,,,9.0,6.0,66.67%,13.6%,5.0,3.0,60.00%,20.0%
2022,receiving,Parris Campbell,IND,,,,16,2,,,,,16,2,,,,,,,,9.0,3.0,33.33%,14.3%,5.0,3.0,60.00%,15.6%
2022,receiving,DeAndre Carter,LAC,,,,19,0,,,,,2,0,,,,,,,,9.0,4.0,44.44%,9.4%,3.0,2.0,66.67%,6.5%
2022,receiving,Leonard Fournette,TB,,,,52,3,,,,,14,2,,,,,,,,9.0,9.0,100.00%,9.4%,4.0,4.0,100.00%,8.2%
2022,receiving,Tyreek Hill,MIA,,,,18,2,,,,,5,2,,,,,,,,9.0,4.0,44.44%,14.5%,6.0,2.0,33.33%,19.4%
2022,receiving,Hayden Hurst,CIN,,,,42,2,,,,,3,1,,,,,,,,9.0,6.0,66.67%,10.3%,4.0,2.0,50.00%,11.4%
2022,receiving,Aaron Jones,GB,,,,34,3,,,,,22,3,,,,,,,,9.0,9.0,100.00%,12.2%,5.0,5.0,100.00%,15.6%
2022,receiving,Dawson Knox,BUF,,,,52,5,,,,,15,3,,,,,,,,9.0,7.0,77.78%,11.7%,5.0,4.0,80.00%,14.3%
2022,receiving,Christian McCaffrey,2TM,,,,54,3,,,,,12,2,,,,,,,,9.0,7.0,77.78%,,3.0,2.0,66.67%,
2022,receiving,Isaiah McKenzie,BUF,,,,50,4,,,,,19,3,,,,,,,,9.0,6.0,66.67%,11.7%,5.0,3.0,60.00%,14.3%
2022,receiving,K.J. Osborn,MIN,,,,49,4,,,,,16,3,,,,,,,,9.0,7.0,77.78%,9.2%,5.0,3.0,60.00%,9.6%
2022,receiving,Kalif Raymond,DET,,,,39,0,,,,,3,0,,,,,,,,9.0,5.0,55.56%,10.5%,3.0,1.0,33.33%,7.3%
2022,receiving,Curtis Samuel,WAS,,,,27,2,,,,,12,1,,,,,,,,9.0,5.0,55.56%,16.7%,8.0,4.0,50.00%,28.6%
2022,receiving,Harrison Bryant,CLE,,,,14,1,,,,,9,1,,,,,,,,8.0,3.0,37.50%,11.4%,4.0,2.0,50.00%,13.3%
2022,receiving,Michael Carter,NYJ,,,,14,0,,,,,0,0,,,,,,,,8.0,5.0,62.50%,12.7%,3.0,0.0,0.00%,10.7%
2022,receiving,Nico Collins,HOU,,,,22,2,,,,,6,1,,,,,,,,8.0,3.0,37.50%,12.1%,3.0,1.0,33.33%,12.0%
2022,receiving,Corey Davis,NYJ,,,,10,1,,,,,10,1,,,,,,,,8.0,2.0,25.00%,12.7%,3.0,2.0,66.67%,10.7%
2022,receiving,Romeo Doubs,GB,,,,55,3,,,,,5,1,,,,,,,,8.0,6.0,75.00%,10.8%,1.0,1.0,100.00%,3.1%
2022,receiving,Devin Duvernay,BAL,,,,36,2,,,,,13,1,,,,,,,,8.0,5.0,62.50%,11.4%,4.0,2.0,50.00%,13.8%
2022,receiving,Evan Engram,JAX,,,,23,2,,,,,3,1,,,,,,,,8.0,3.0,37.50%,10.5%,3.0,1.0,33.33%,9.4%
2022,receiving,Noah Fant,SEA,,,,25,4,,,,,25,4,,,,,,,,8.0,6.0,75.00%,11.9%,7.0,6.0,85.71%,25.9%
2022,receiving,Dallas Goedert,PHI,,,,34,2,,,,,10,2,,,,,,,,8.0,6.0,75.00%,17.0%,3.0,2.0,66.67%,15.0%
2022,receiving,Tyler Lockett,SEA,,,,34,2,,,,,13,2,,,,,,,,8.0,5.0,62.50%,11.9%,4.0,2.0,50.00%,14.8%
2022,receiving,Josh Palmer,LAC,,,,20,2,,,,,13,2,,,,,,,,8.0,4.0,50.00%,8.3%,4.0,2.0,50.00%,8.7%
2022,receiving,Tony Pollard,DAL,,,,25,1,,,,,10,1,,,,,,,,8.0,4.0,50.00%,11.9%,5.0,2.0,40.00%,14.3%
2022,receiving,MyCole Pruitt,ATL,,,,29,4,,,,,21,4,,,,,,,,8.0,7.0,87.50%,16.7%,5.0,5.0,100.00%,17.9%
2022,receiving,Trent Sherfield,MIA,,,,48,1,,,,,5,0,,,,,,,,8.0,6.0,75.00%,12.9%,2.0,1.0,50.00%,6.5%
2022,receiving,Jaylen Waddle,MIA,,,,36,4,,,,,18,3,,,,,,,,8.0,4.0,50.00%,12.9%,5.0,3.0,60.00%,16.1%
2022,receiving,Rachaad White,TB,,,,19,2,,,,,9,2,,,,,,,,8.0,6.0,75.00%,8.3%,2.0,2.0,100.00%,4.1%
2022,receiving,Randall Cobb,GB,,,,25,1,,,,,0,0,,,,,,,,7.0,3.0,42.86%,9.5%,2.0,0.0,0.00%,6.3%
2022,receiving,Jahan Dotson,WAS,,,,55,5,,,,,22,4,,,,,,,,7.0,6.0,85.71%,13.0%,5.0,4.0,80.00%,17.9%
2022,receiving,Najee Harris,PIT,,,,19,3,,,,,17,3,,,,,,,,7.0,4.0,57.14%,12.5%,5.0,3.0,60.00%,17.2%
2022,receiving,Hunter Henry,NE,,,,13,0,,,,,0,0,,,,,,,,7.0,1.0,14.29%,15.2%,3.0,0.0,0.00%,10.7%
2022,receiving,Dontrell Hilliard,TEN,,,,46,3,,,,,7,1,,,,,,,,7.0,5.0,71.43%,12.5%,2.0,1.0,50.00%,8.3%
2022,receiving,Nyheim Hines,2TM,,,,45,1,,,,,10,1,,,,,,,,7.0,6.0,85.71%,,1.0,1.0,100.00%,
2022,receiving,Kareem Hunt,CLE,,,,8,1,,,,,6,1,,,,,,,,7.0,3.0,42.86%,10.0%,3.0,2.0,66.67%,10.0%
2022,receiving,Richie James,NYG,,,,55,4,,,,,18,3,,,,,,,,7.0,7.0,100.00%,17.9%,4.0,4.0,100.00%,20.0%
2022,receiving,Jakobi Meyers,NE,,,,23,3,,,,,14,3,,,,,,,,7.0,5.0,71.43%,15.2%,5.0,4.0,80.00%,17.9%
2022,receiving,Elijah Moore,NYJ,,,,12,0,,,,,0,0,,,,,,,,7.0,3.0,42.86%,11.1%,1.0,0.0,0.00%,3.6%
2022,receiving,Raheem Mostert,MIA,,,,13,2,,,,,19,2,,,,,,,,7.0,6.0,85.71%,11.3%,4.0,3.0,75.00%,12.9%
2022,receiving,Samaje Perine,CIN,,,,33,3,,,,,6,1,,,,,,,,7.0,5.0,71.43%,8.0%,2.0,1.0,50.00%,5.7%
2022,receiving,Devin Singletary,BUF,,,,15,1,,,,,3,1,,,,,,,,7.0,4.0,57.14%,9.1%,3.0,2.0,66.67%,8.6%
2022,receiving,Logan Thomas,WAS,,,,15,0,,,,,0,0,,,,,,,,7.0,4.0,57.14%,13.0%,3.0,1.0,33.33%,10.7%
2022,receiving,Tommy Tremble,CAR,,,,26,2,,,,,9,1,,,,,,,,7.0,4.0,57.14%,18.4%,6.0,3.0,50.00%,35.3%
2022,receiving,Nick Westbrook-Ikhine,TEN,,,,24,2,,,,,11,2,,,,,,,,7.0,3.0,42.86%,12.5%,3.0,2.0,66.67%,12.5%
2022,receiving,Ameer Abdullah,LVR,,,,48,1,,,,,2,0,,,,,,,,6.0,5.0,83.33%,8.7%,1.0,1.0,100.00%,3.0%
2022,receiving,Jamal Agnew,JAX,,,,26,3,,,,,13,3,,,,,,,,6.0,5.0,83.33%,7.9%,3.0,3.0,100.00%,9.4%
2022,receiving,Daniel Bellinger,NYG,,,,47,2,,,,,8,1,,,,,,,,6.0,5.0,83.33%,15.4%,1.0,1.0,100.00%,5.0%
2022,receiving,Chase Claypool,2TM,,,,10,1,,,,,10,1,,,,,,,,6.0,2.0,33.33%,,3.0,2.0,66.67%,
2022,receiving,James Cook,BUF,,,,24,1,,,,,4,1,,,,,,,,6.0,3.0,50.00%,7.8%,2.0,1.0,50.00%,5.7%
2022,receiving,Will Dissly,SEA,,,,47,2,,,,,3,0,,,,,,,,6.0,5.0,83.33%,9.0%,2.0,1.0,50.00%,7.4%
2022,receiving,Clyde Edwards-Helaire,KC,,,,28,3,,,,,19,3,,,,,,,,6.0,6.0,100.00%,5.6%,5.0,5.0,100.00%,7.8%
2022,receiving,Antonio Gibson,WAS,,,,29,2,,,,,18,2,,,,,,,,6.0,3.0,50.00%,11.1%,2.0,2.0,100.00%,7.1%
2022,receiving,A.J. Green,ARI,,,,6,1,,,,,6,1,,,,,,,,6.0,1.0,16.67%,9.8%,4.0,1.0,25.00%,14.3%
2022,receiving,Damien Harris,NE,,,,3,0,,,,,3,0,,,,,,,,6.0,3.0,50.00%,13.0%,6.0,3.0,50.00%,21.4%
2022,receiving,Derrick Henry,TEN,,,,17,0,,,,,8,0,,,,,,,,6.0,4.0,66.67%,10.7%,3.0,2.0,66.67%,12.5%
2022,receiving,Isaiah Hodgins,2TM,,,,35,4,,,,,21,4,,,,,,,,6.0,6.0,100.00%,,4.0,4.0,100.00%,
2022,receiving,Austin Hooper,TEN,,,,35,2,,,,,10,1,,,,,,,,6.0,4.0,66.67%,10.7%,2.0,2.0,100.00%,8.3%
2022,receiving,DeAndre Hopkins,ARI,,,,18,1,,,,,6,1,,,,,,,,6.0,3.0,50.00%,9.8%,2.0,1.0,50.00%,7.1%
2022,receiving,Julio Jones,TB,,,,36,1,,,,,8,1,,,,,,,,6.0,4.0,66.67%,6.3%,3.0,1.0,33.33%,6.1%
2022,receiving,Jarvis Landry,NO,,,,15,1,,,,,7,1,,,,,,,,6.0,2.0,33.33%,9.8%,2.0,1.0,50.00%,9.5%
2022,receiving,Terrace Marshall,CAR,,,,0,0,,,,,0,0,,,,,,,,6.0,0.0,0.00%,15.8%,3.0,0.0,0.00%,17.6%
2022,receiving,Darnell Mooney,CHI,,,,51,2,,,,,6,0,,,,,,,,6.0,5.0,83.33%,16.2%,3.0,2.0,66.67%,17.6%
2022,receiving,Rondale Moore,ARI,,,,4,0,,,,,0,0,,,,,,,,6.0,2.0,33.33%,9.8%,2.0,0.0,0.00%,7.1%
2022,receiving,Chigoziem Okonkwo,TEN,,,,28,2,,,,,18,2,,,,,,,,6.0,3.0,50.00%,10.7%,3.0,2.0,66.67%,12.5%
2022,receiving,George Pickens,PIT,,,,21,2,,,,,7,1,,,,,,,,6.0,2.0,33.33%,10.7%,4.0,1.0,25.00%,13.8%
2022,receiving,Alec Pierce,IND,,,,15,1,,,,,0,0,,,,,,,,6.0,1.0,16.67%,9.5%,3.0,0.0,0.00%,9.4%
2022,receiving,Irv Smith,MIN,,,,22,2,,,,,3,2,,,,,,,,6.0,4.0,66.67%,6.1%,3.0,2.0,66.67%,5.8%
2022,receiving,Rhamondre Stevenson,NE,,,,19,1,,,,,8,1,,,,,,,,6.0,5.0,83.33%,13.0%,2.0,2.0,100.00%,7.1%
2022,receiving,Javonte Williams,DEN,,,,12,0,,,,,6,0,,,,,,,,6.0,3.0,50.00%,12.2%,3.0,1.0,33.33%,11.1%
2022,receiving,Jeff Wilson,2TM,,,,33,1,,,,,19,1,,,,,,,,6.0,5.0,83.33%,,3.0,3.0,100.00%,
2022,receiving,Jelani Woods,IND,,,,29,3,,,,,11,2,,,,,,,,6.0,4.0,66.67%,9.5%,3.0,2.0,66.67%,9.4%
2022,receiving,Olamide Zaccheaus,ATL,,,,33,3,,,,,3,1,,,,,,,,6.0,4.0,66.67%,12.5%,3.0,1.0,33.33%,10.7%
2022,receiving,Braxton Berrios,NYJ,,,,7,0,,,,,1,0,,,,,,,,5.0,2.0,40.00%,7.9%,3.0,1.0,33.33%,10.7%
2022,receiving,Marquez Callaway,NO,,,,16,1,,,,,4,1,,,,,,,,5.0,2.0,40.00%,8.2%,2.0,1.0,50.00%,9.5%
2022,receiving,Greg Dortch,ARI,,,,15,2,,,,,15,2,,,,,,,,5.0,4.0,80.00%,8.2%,3.0,3.0,100.00%,10.7%
2022,receiving,Kenyan Drake,BAL,,,,29,1,,,,,5,1,,,,,,,,5.0,3.0,60.00%,7.1%,1.0,1.0,100.00%,3.4%
2022,receiving,Travis Etienne,JAX,,,,2,0,,,,,2,0,,,,,,,,5.0,3.0,60.00%,6.6%,2.0,1.0,50.00%,6.3%
2022,receiving,Jody Fortson,KC,,,,11,2,,,,,11,2,,,,,,,,5.0,2.0,40.00%,4.7%,5.0,2.0,40.00%,7.8%
2022,receiving,Breece Hall,NYJ,,,,17,1,,,,,14,1,,,,,,,,5.0,3.0,60.00%,7.9%,2.0,2.0,100.00%,7.1%
2022,receiving,Mark Ingram,NO,,,,11,0,,,,,6,0,,,,,,,,5.0,4.0,80.00%,8.2%,3.0,2.0,66.67%,14.3%
2022,receiving,Trenton Irwin,CIN,,,,18,2,,,,,5,2,,,,,,,,5.0,3.0,60.00%,5.7%,3.0,2.0,66.67%,8.6%
2022,receiving,Van Jefferson,LAR,,,,20,2,,,,,10,2,,,,,,,,5.0,4.0,80.00%,7.6%,3.0,2.0,66.67%,7.7%
2022,receiving,Alexander Mattison,MIN,,,,33,1,,,,,-1,0,,,,,,,,5.0,5.0,100.00%,5.1%,1.0,1.0,100.00%,1.9%
2022,receiving,Foster Moreau,LVR,,,,9,2,,,,,9,2,,,,,,,,5.0,2.0,40.00%,7.2%,3.0,2.0,66.67%,9.1%
2022,receiving,Colby Parkinson,SEA,,,,19,1,,,,,0,0,,,,,,,,5.0,2.0,40.00%,7.5%,1.0,0.0,0.00%,3.7%
2022,receiving,Kyle Pitts,ATL,,,,9,2,,,,,9,2,,,,,,,,5.0,3.0,60.00%,10.4%,4.0,3.0,75.00%,14.3%
2022,receiving,Teagan Quitoriano,HOU,,,,10,2,,,,,10,2,,,,,,,,5.0,2.0,40.00%,7.6%,3.0,2.0,66.67%,12.0%
2022,receiving,Hunter Renfrow,LVR,,,,34,2,,,,,0,0,,,,,,,,5.0,3.0,60.00%,7.2%,1.0,0.0,0.00%,3.0%
2022,receiving,Shi Smith,CAR,,,,32,2,,,,,0,0,,,,,,,,5.0,2.0,40.00%,13.2%,1.0,0.0,0.00%,5.9%
2022,receiving,Geoff Swaim,TEN,,,,7,1,,,,,4,1,,,,,,,,5.0,3.0,60.00%,8.9%,2.0,2.0,100.00%,8.3%
2022,receiving,Tyquan Thornton,NE,,,,17,2,,,,,9,2,,,,,,,,5.0,3.0,60.00%,10.9%,4.0,2.0,50.00%,14.3%
2022,receiving,Kadarius Toney,KC,,,,28,2,,,,,25,2,,,,,,,,5.0,5.0,100.00%,4.7%,4.0,4.0,100.00%,6.3%
2022,receiving,Robert Tonyan,GB,,,,14,0,,,,,0,0,,,,,,,,5.0,2.0,40.00%,6.8%,0.0,0.0,,.0%
2022,receiving,Sammy Watkins,GB,,,,13,0,,,,,0,0,,,,,,,,5.0,2.0,40.00%,6.8%,2.0,0.0,0.00%,6.3%
2022,receiving,Brock Wright,DET,,,,34,3,,,,,17,3,,,,,,,,5.0,5.0,100.00%,5.8%,4.0,4.0,100.00%,9.8%
2022,receiving,Mo Alie-Cox,IND,,,,25,3,,,,,11,2,,,,,,,,4.0,3.0,75.00%,6.3%,3.0,2.0,66.67%,9.4%
2022,receiving,Eno Benjamin,ARI,,,,18,0,,,,,0,0,,,,,,,,4.0,3.0,75.00%,6.6%,1.0,0.0,0.00%,3.6%
2022,receiving,Kendrick Bourne,NE,,,,23,1,,,,,5,1,,,,,,,,4.0,3.0,75.00%,8.7%,2.0,1.0,50.00%,7.1%
2022,receiving,Cameron Brate,TB,,,,8,0,,,,,0,0,,,,,,,,4.0,1.0,25.00%,4.2%,2.0,0.0,0.00%,4.1%
2022,receiving,Treylon Burks,TEN,,,,19,0,,,,,6,0,,,,,,,,4.0,2.0,50.00%,7.1%,3.0,1.0,33.33%,12.5%
2022,receiving,DJ Chark,DET,,,,10,1,,,,,1,1,,,,,,,,4.0,2.0,50.00%,4.7%,2.0,1.0,50.00%,4.9%
2022,receiving,Tyler Conklin,NYJ,,,,20,3,,,,,20,3,,,,,,,,4.0,3.0,75.00%,6.3%,3.0,3.0,100.00%,10.7%
2022,receiving,James Conner,ARI,,,,19,1,,,,,6,1,,,,,,,,4.0,3.0,75.00%,6.6%,2.0,1.0,50.00%,7.1%
2022,receiving,AJ Dillon,GB,,,,12,0,,,,,6,0,,,,,,,,4.0,2.0,50.00%,5.4%,2.0,1.0,50.00%,6.3%
2022,receiving,Ashton Dulin,IND,,,,34,1,,,,,7,0,,,,,,,,4.0,3.0,75.00%,6.3%,2.0,1.0,50.00%,6.3%
2022,receiving,Chase Edmonds,MIA,,,,28,1,,,,,7,1,,,,,,,,4.0,3.0,75.00%,6.5%,2.0,1.0,50.00%,6.5%
2022,receiving,Marquise Goodwin,SEA,,,,27,1,,,,,0,0,,,,,,,,4.0,3.0,75.00%,6.0%,0.0,0.0,,.0%
2022,receiving,Noah Gray,KC,,,,28,1,,,,,5,0,,,,,,,,4.0,3.0,75.00%,3.7%,2.0,1.0,50.00%,3.1%
2022,receiving,Kendall Hinton,DEN,,,,22,0,,,,,8,0,,,,,,,,4.0,3.0,75.00%,8.2%,2.0,2.0,100.00%,7.4%
2022,receiving,Justin Jackson,DET,,,,19,1,,,,,2,1,,,,,,,,4.0,3.0,75.00%,4.7%,1.0,1.0,100.00%,2.4%
2022,receiving,Josh Jacobs,LVR,,,,7,0,,,,,0,0,,,,,,,,4.0,2.0,50.00%,5.8%,1.0,0.0,0.00%,3.0%
2022,receiving,J.D. McKissic,WAS,,,,0,0,,,,,0,0,,,,,,,,4.0,0.0,0.00%,7.4%,4.0,0.0,0.00%,14.3%
2022,receiving,Tre' McKitty,LAC,,,,3,0,,,,,3,0,,,,,,,,4.0,1.0,25.00%,4.2%,4.0,1.0,25.00%,8.7%
2022,receiving,Scott Miller,TB,,,,12,0,,,,,5,0,,,,,,,,4.0,2.0,50.00%,4.2%,3.0,1.0,33.33%,6.1%
2022,receiving,DeVante Parker,NE,,,,12,1,,,,,2,1,,,,,,,,4.0,3.0,75.00%,8.7%,2.0,1.0,50.00%,7.1%
2022,receiving,Dante Pettis,CHI,,,,8,1,,,,,6,1,,,,,,,,4.0,2.0,50.00%,10.8%,2.0,1.0,50.00%,11.8%
2022,receiving,Brandon Powell,LAR,,,,17,0,,,,,4,0,,,,,,,,4.0,4.0,100.00%,6.1%,2.0,2.0,100.00%,5.1%
2022,receiving,Jonnu Smith,NE,,,,14,0,,,,,8,0,,,,,,,,4.0,3.0,75.00%,8.7%,2.0,1.0,50.00%,7.1%
2022,receiving,Mike Strachan,IND,,,,0,0,,,,,0,0,,,,,,,,4.0,0.0,0.00%,6.3%,3.0,0.0,0.00%,9.4%
2022,receiving,Eric Tomlinson,DEN,,,,6,2,,,,,6,2,,,,,,,,4.0,2.0,50.00%,8.2%,4.0,2.0,50.00%,14.8%
2022,receiving,Jaylen Warren,PIT,,,,23,0,,,,,3,0,,,,,,,,4.0,4.0,100.00%,7.1%,1.0,1.0,100.00%,3.4%
2022,receiving,Quez Watkins,PHI,,,,1,0,,,,,0,0,,,,,,,,4.0,2.0,50.00%,8.5%,1.0,0.0,0.00%,5.0%
2022,receiving,Shane Zylstra,DET,,,,12,4,,,,,12,4,,,,,,,,4.0,4.0,100.00%,4.7%,4.0,4.0,100.00%,9.8%
2022,receiving,Cam Akers,LAR,,,,4,0,,,,,4,0,,,,,,,,3.0,2.0,66.67%,4.5%,3.0,2.0,66.67%,7.7%
2022,receiving,Robbie Chosen,2TM,,,,9,0,,,,,0,0,,,,,,,,3.0,1.0,33.33%,,1.0,0.0,0.00%,
2022,receiving,Gary Brightwell,NYG,,,,18,0,,,,,6,0,,,,,,,,3.0,2.0,66.67%,7.7%,1.0,1.0,100.00%,5.0%
2022,receiving,Keelan Cole,LVR,,,,0,0,,,,,0,0,,,,,,,,3.0,0.0,0.00%,4.3%,1.0,0.0,0.00%,3.0%
2022,receiving,River Cracraft,MIA,,,,13,2,,,,,2,1,,,,,,,,3.0,2.0,66.67%,4.8%,2.0,1.0,50.00%,6.5%
2022,receiving,Bryan Edwards,ATL,,,,5,0,,,,,3,0,,,,,,,,3.0,2.0,66.67%,6.3%,2.0,1.0,50.00%,7.1%
2022,receiving,Jake Ferguson,DAL,,,,15,2,,,,,8,2,,,,,,,,3.0,3.0,100.00%,4.5%,2.0,2.0,100.00%,5.7%
2022,receiving,Kenneth Gainwell,PHI,,,,5,0,,,,,5,0,,,,,,,,3.0,1.0,33.33%,6.4%,3.0,1.0,33.33%,15.0%
2022,receiving,Myles Gaskin,MIA,,,,2,0,,,,,0,0,,,,,,,,3.0,1.0,33.33%,4.8%,0.0,0.0,,.0%
2022,receiving,Reggie Gilliam,BUF,,,,26,1,,,,,0,0,,,,,,,,3.0,3.0,100.00%,3.9%,0.0,0.0,,.0%
2022,receiving,Kylen Granson,IND,,,,3,0,,,,,0,0,,,,,,,,3.0,2.0,66.67%,4.8%,0.0,0.0,,.0%
2022,receiving,Connor Heyward,PIT,,,,26,1,,,,,0,0,,,,,,,,3.0,2.0,66.67%,5.4%,1.0,0.0,0.00%,3.4%
2022,receiving,Taysom Hill,NO,,,,8,1,,,,,8,1,,,,,,,,3.0,2.0,66.67%,4.9%,3.0,2.0,66.67%,14.3%
2022,receiving,O.J. Howard,HOU,,,,16,1,,,,,0,0,,,,,,,,3.0,1.0,33.33%,4.5%,1.0,0.0,0.00%,4.0%
2022,receiving,Deon Jackson,IND,,,,16,1,,,,,1,1,,,,,,,,3.0,3.0,100.00%,4.8%,1.0,1.0,100.00%,3.1%
2022,receiving,Jauan Jennings,SF,,,,6,1,,,,,6,1,,,,,,,,3.0,2.0,66.67%,4.9%,2.0,2.0,100.00%,6.7%
2022,receiving,Marcus Johnson,NYG,,,,0,0,,,,,0,0,,,,,,,,3.0,0.0,0.00%,7.7%,3.0,0.0,0.00%,15.0%
2022,receiving,Dax Milne,WAS,,,,24,1,,,,,6,1,,,,,,,,3.0,3.0,100.00%,5.6%,1.0,1.0,100.00%,3.6%
2022,receiving,David Montgomery,CHI,,,,15,1,,,,,10,1,,,,,,,,3.0,3.0,100.00%,8.1%,1.0,1.0,100.00%,5.9%
2022,receiving,Johnny Mundt,MIN,,,,18,1,,,,,1,1,,,,,,,,3.0,2.0,66.67%,3.1%,2.0,1.0,50.00%,3.8%
2022,receiving,Cordarrelle Patterson,ATL,,,,2,0,,,,,0,0,,,,,,,,3.0,1.0,33.33%,6.3%,2.0,0.0,0.00%,7.1%
2022,receiving,James Robinson,2TM,,,,10,2,,,,,10,2,,,,,,,,3.0,2.0,66.67%,,2.0,2.0,100.00%,
2022,receiving,Eric Saubert,DEN,,,,7,0,,,,,0,0,,,,,,,,3.0,1.0,33.33%,6.1%,0.0,0.0,,.0%
2022,receiving,Cam Sims,WAS,,,,12,0,,,,,0,0,,,,,,,,3.0,1.0,33.33%,5.6%,1.0,0.0,0.00%,3.6%
2022,receiving,Ben Skowronek,LAR,,,,0,0,,,,,0,0,,,,,,,,3.0,0.0,0.00%,4.5%,1.0,0.0,0.00%,2.6%
2022,receiving,Darius Slayton,NYG,,,,16,0,,,,,6,0,,,,,,,,3.0,2.0,66.67%,7.7%,1.0,1.0,100.00%,5.0%
2022,receiving,Durham Smythe,MIA,,,,9,1,,,,,4,1,,,,,,,,3.0,2.0,66.67%,4.8%,1.0,1.0,100.00%,3.2%
2022,receiving,Jonathan Taylor,IND,,,,5,0,,,,,4,0,,,,,,,,3.0,2.0,66.67%,4.8%,1.0,1.0,100.00%,3.1%
2022,receiving,Mike Thomas,CIN,,,,0,0,,,,,0,0,,,,,,,,3.0,0.0,0.00%,3.4%,1.0,0.0,0.00%,2.9%
2022,receiving,Michael Thomas,NO,,,,19,3,,,,,19,3,,,,,,,,3.0,3.0,100.00%,4.9%,3.0,3.0,100.00%,14.3%
2022,receiving,Adam Trautman,NO,,,,19,0,,,,,0,0,,,,,,,,3.0,2.0,66.67%,4.9%,0.0,0.0,,.0%
2022,receiving,Avery Williams,ATL,,,,11,0,,,,,7,0,,,,,,,,3.0,3.0,100.00%,6.3%,1.0,1.0,100.00%,3.6%
2022,receiving,Nelson Agholor,NE,,,,13,0,,,,,0,0,,,,,,,,2.0,1.0,50.00%,4.3%,1.0,0.0,0.00%,3.6%
2022,receiving,Dan Arnold,JAX,,,,8,0,,,,,0,0,,,,,,,,2.0,1.0,50.00%,2.6%,0.0,0.0,,.0%
2022,receiving,Tutu Atwell,LAR,,,,3,0,,,,,0,0,,,,,,,,2.0,1.0,50.00%,3.0%,1.0,0.0,0.00%,2.6%
2022,receiving,Saquon Barkley,NYG,,,,0,0,,,,,0,0,,,,,,,,2.0,0.0,0.00%,5.1%,1.0,0.0,0.00%,5.0%
2022,receiving,John Bates,WAS,,,,16,1,,,,,0,0,,,,,,,,2.0,1.0,50.00%,3.7%,0.0,0.0,,.0%
2022,receiving,Mike Boone,DEN,,,,2,0,,,,,0,0,,,,,,,,2.0,1.0,50.00%,4.1%,1.0,0.0,0.00%,3.7%
2022,receiving,Malcolm Brown,LAR,,,,3,0,,,,,3,0,,,,,,,,2.0,1.0,50.00%,3.0%,1.0,1.0,100.00%,2.6%
2022,receiving,Pharaoh Brown,CLE,,,,5,0,,,,,0,0,,,,,,,,2.0,1.0,50.00%,2.9%,0.0,0.0,,.0%
2022,receiving,Grant Calcaterra,PHI,,,,-2,0,,,,,0,0,,,,,,,,2.0,1.0,50.00%,4.3%,0.0,0.0,,.0%
2022,receiving,Malik Davis,DAL,,,,15,0,,,,,0,0,,,,,,,,2.0,2.0,100.00%,3.0%,0.0,0.0,,.0%
2022,receiving,J.K. Dobbins,BAL,,,,1,1,,,,,1,1,,,,,,,,2.0,1.0,50.00%,2.9%,2.0,1.0,50.00%,6.9%
2022,receiving,Phillip Dorsett,HOU,,,,0,0,,,,,0,0,,,,,,,,2.0,0.0,0.00%,3.0%,1.0,0.0,0.00%,4.0%
2022,receiving,Greg Dulcich,DEN,,,,11,1,,,,,0,0,,,,,,,,2.0,1.0,50.00%,4.1%,1.0,0.0,0.00%,3.7%
2022,receiving,D'Wayne Eskridge,SEA,,,,3,0,,,,,0,0,,,,,,,,2.0,1.0,50.00%,3.0%,1.0,0.0,0.00%,3.7%
2022,receiving,Zach Gentry,PIT,,,,2,0,,,,,2,0,,,,,,,,2.0,1.0,50.00%,3.6%,2.0,1.0,50.00%,6.9%
2022,receiving,Melvin Gordon,DEN,,,,14,0,,,,,8,0,,,,,,,,2.0,2.0,100.00%,4.1%,1.0,1.0,100.00%,3.7%
2022,receiving,Ryan Griffin,CHI,,,,2,0,,,,,0,0,,,,,,,,2.0,1.0,50.00%,5.4%,1.0,0.0,0.00%,5.9%
2022,receiving,C.J. Ham,MIN,,,,7,0,,,,,7,0,,,,,,,,2.0,2.0,100.00%,2.0%,2.0,2.0,100.00%,3.8%
2022,receiving,Darrell Henderson,LAR,,,,7,0,,,,,0,0,,,,,,,,2.0,1.0,50.00%,3.0%,0.0,0.0,,.0%
2022,receiving,Parker Hesse,ATL,,,,5,0,,,,,0,0,,,,,,,,2.0,1.0,50.00%,4.2%,0.0,0.0,,.0%
2022,receiving,Zander Horvath,LAC,,,,2,2,,,,,2,2,,,,,,,,2.0,2.0,100.00%,2.1%,2.0,2.0,100.00%,4.3%
2022,receiving,Alec Ingold,MIA,,,,15,1,,,,,0,0,,,,,,,,2.0,2.0,100.00%,3.2%,0.0,0.0,,.0%
2022,receiving,DeSean Jackson,BAL,,,,0,0,,,,,0,0,,,,,,,,2.0,0.0,0.00%,2.9%,0.0,0.0,,.0%
2022,receiving,Brandon Johnson,DEN,,,,1,1,,,,,1,1,,,,,,,,2.0,1.0,50.00%,4.1%,2.0,1.0,50.00%,7.4%
2022,receiving,Velus Jones,CHI,,,,9,1,,,,,9,1,,,,,,,,2.0,1.0,50.00%,5.4%,1.0,1.0,100.00%,5.9%
2022,receiving,Brevin Jordan,HOU,,,,0,0,,,,,0,0,,,,,,,,2.0,0.0,0.00%,3.0%,0.0,0.0,,.0%
2022,receiving,Kyle Juszczyk,SF,,,,3,1,,,,,3,1,,,,,,,,2.0,2.0,100.00%,3.3%,2.0,2.0,100.00%,6.7%
2022,receiving,Zonovan Knight,NYJ,,,,9,0,,,,,0,0,,,,,,,,2.0,2.0,100.00%,3.2%,0.0,0.0,,.0%
2022,receiving,Marcedes Lewis,GB,,,,3,2,,,,,3,2,,,,,,,,2.0,2.0,100.00%,2.7%,2.0,2.0,100.00%,6.3%
2022,receiving,Quintin Morris,BUF,,,,14,1,,,,,0,0,,,,,,,,2.0,2.0,100.00%,2.6%,1.0,1.0,100.00%,2.9%
2022,receiving,Chris Myarick,NYG,,,,5,1,,,,,1,1,,,,,,,,2.0,2.0,100.00%,5.1%,1.0,1.0,100.00%,5.0%
2022,receiving,Dare Ogunbowale,HOU,,,,0,0,,,,,0,0,,,,,,,,2.0,0.0,0.00%,3.0%,1.0,0.0,0.00%,4.0%
2022,receiving,Donald Parham,LAC,,,,3,1,,,,,3,1,,,,,,,,2.0,1.0,50.00%,2.1%,2.0,1.0,50.00%,4.3%
2022,receiving,Dameon Pierce,HOU,,,,5,1,,,,,3,1,,,,,,,,2.0,2.0,100.00%,3.0%,1.0,1.0,100.00%,4.0%
2022,receiving,James Proche,BAL,,,,6,0,,,,,6,0,,,,,,,,2.0,1.0,50.00%,2.9%,1.0,1.0,100.00%,3.4%
2022,receiving,Wan'Dale Robinson,NYG,,,,5,1,,,,,5,1,,,,,,,,2.0,1.0,50.00%,5.1%,1.0,1.0,100.00%,5.0%
2022,receiving,Richard Rodgers,LAC,,,,0,0,,,,,0,0,,,,,,,,2.0,0.0,0.00%,2.1%,2.0,0.0,0.00%,4.3%
2022,receiving,Kyle Rudolph,TB,,,,8,1,,,,,8,1,,,,,,,,2.0,1.0,50.00%,2.1%,1.0,1.0,100.00%,2.0%
2022,receiving,Laviska Shenault,CAR,,,,11,0,,,,,0,0,,,,,,,,2.0,2.0,100.00%,5.3%,0.0,0.0,,.0%
2022,receiving,David Sills,NYG,,,,18,0,,,,,5,0,,,,,,,,2.0,2.0,100.00%,5.1%,1.0,1.0,100.00%,5.0%
2022,receiving,Tre'Quan Smith,NO,,,,18,1,,,,,0,0,,,,,,,,2.0,1.0,50.00%,3.3%,1.0,0.0,0.00%,4.8%
2022,receiving,Equanimeous St. Brown,CHI,,,,18,1,,,,,0,0,,,,,,,,2.0,1.0,50.00%,5.4%,0.0,0.0,,.0%
2022,receiving,Ian Thomas,CAR,,,,9,0,,,,,0,0,,,,,,,,2.0,2.0,100.00%,5.3%,0.0,0.0,,.0%
2022,receiving,Laquon Treadwell,SEA,,,,6,0,,,,,0,0,,,,,,,,2.0,2.0,100.00%,3.0%,0.0,0.0,,.0%
2022,receiving,Justin Watson,KC,,,,4,1,,,,,4,1,,,,,,,,2.0,1.0,50.00%,1.9%,2.0,1.0,50.00%,3.1%
2022,receiving,Derek Watt,PIT,,,,2,1,,,,,2,1,,,,,,,,2.0,2.0,100.00%,3.6%,2.0,2.0,100.00%,6.9%
2022,receiving,Trevon Wesco,CHI,,,,3,0,,,,,3,0,,,,,,,,2.0,1.0,50.00%,5.4%,1.0,1.0,100.00%,5.9%
2022,receiving,Jordan Wilkins,IND,,,,6,0,,,,,4,0,,,,,,,,2.0,2.0,100.00%,3.2%,1.0,1.0,100.00%,3.1%
2022,receiving,Jamaal Williams,DET,,,,5,0,,,,,3,0,,,,,,,,2.0,2.0,100.00%,2.3%,1.0,1.0,100.00%,2.4%
2022,receiving,Michael Woods,CLE,,,,4,0,,,,,0,0,,,,,,,,2.0,1.0,50.00%,2.9%,1.0,0.0,0.00%,3.3%
2022,receiving,Andre Baccellia,ARI,,,,0,0,,,,,0,0,,,,,,,,1.0,0.0,0.00%,1.6%,0.0,0.0,,.0%
2022,receiving,David Bakhtiari,GB,,,,0,0,,,,,0,0,,,,,,,,1.0,0.0,0.00%,1.4%,1.0,0.0,0.00%,3.1%
2022,receiving,Michael Bandy,LAC,,,,4,0,,,,,0,0,,,,,,,,1.0,1.0,100.00%,1.0%,0.0,0.0,,.0%
2022,receiving,Rashod Bateman,BAL,,,,4,0,,,,,4,0,,,,,,,,1.0,1.0,100.00%,1.4%,1.0,1.0,100.00%,3.4%
2022,receiving,Cole Beasley,BUF,,,,0,0,,,,,0,0,,,,,,,,1.0,0.0,0.00%,1.3%,1.0,0.0,0.00%,2.9%
2022,receiving,Blake Bell,KC,,,,17,1,,,,,0,0,,,,,,,,1.0,1.0,100.00%,.9%,0.0,0.0,,.0%
2022,receiving,David Bell,CLE,,,,6,0,,,,,0,0,,,,,,,,1.0,1.0,100.00%,1.4%,0.0,0.0,,.0%
2022,receiving,Raheem Blackshear,CAR,,,,0,0,,,,,0,0,,,,,,,,1.0,1.0,100.00%,2.6%,1.0,1.0,100.00%,5.9%
2022,receiving,Brandon Bolden,LVR,,,,18,1,,,,,0,0,,,,,,,,1.0,1.0,100.00%,1.4%,0.0,0.0,,.0%
2022,receiving,Jason Cabinda,DET,,,,0,0,,,,,0,0,,,,,,,,1.0,0.0,0.00%,1.2%,0.0,0.0,,.0%
2022,receiving,Lawrence Cager,NYG,,,,9,1,,,,,9,1,,,,,,,,1.0,1.0,100.00%,2.6%,1.0,1.0,100.00%,5.0%
2022,receiving,Nick Chubb,CLE,,,,2,1,,,,,2,1,,,,,,,,1.0,1.0,100.00%,1.4%,1.0,1.0,100.00%,3.3%
2022,receiving,Tyrie Cleveland,DEN,,,,0,0,,,,,0,0,,,,,,,,1.0,0.0,0.00%,2.0%,0.0,0.0,,.0%
2022,receiving,Tevin Coleman,SF,,,,9,1,,,,,9,1,,,,,,,,1.0,1.0,100.00%,1.6%,1.0,1.0,100.00%,3.3%
2022,receiving,DeeJay Dallas,SEA,,,,4,0,,,,,4,0,,,,,,,,1.0,1.0,100.00%,1.5%,1.0,1.0,100.00%,3.7%
2022,receiving,Josiah Deguara,GB,,,,9,0,,,,,0,0,,,,,,,,1.0,1.0,100.00%,1.4%,0.0,0.0,,.0%
2022,receiving,Ben Ellefson,MIN,,,,2,0,,,,,0,0,,,,,,,,1.0,1.0,100.00%,1.0%,0.0,0.0,,.0%
2022,receiving,Ezekiel Elliott,DAL,,,,3,0,,,,,3,0,,,,,,,,1.0,1.0,100.00%,1.5%,1.0,1.0,100.00%,2.9%
2022,receiving,Chris Evans,CIN,,,,8,1,,,,,8,1,,,,,,,,1.0,1.0,100.00%,1.1%,1.0,1.0,100.00%,2.9%
2022,receiving,Anthony Firkser,ATL,,,,0,0,,,,,0,0,,,,,,,,1.0,0.0,0.00%,2.1%,1.0,0.0,0.00%,3.6%
2022,receiving,D'Onta Foreman,CAR,,,,-4,0,,,,,0,0,,,,,,,,1.0,1.0,100.00%,2.6%,0.0,0.0,,.0%
2022,receiving,Kenny Golladay,NYG,,,,0,0,,,,,0,0,,,,,,,,1.0,0.0,0.00%,2.6%,1.0,0.0,0.00%,5.0%
2022,receiving,Troy Hairston,HOU,,,,0,0,,,,,0,0,,,,,,,,1.0,0.0,0.00%,1.5%,1.0,0.0,0.00%,4.0%
2022,receiving,N'Keal Harry,CHI,,,,17,1,,,,,0,0,,,,,,,,1.0,1.0,100.00%,2.7%,0.0,0.0,,.0%
2022,receiving,Jamycal Hasty,JAX,,,,9,0,,,,,9,0,,,,,,,,1.0,1.0,100.00%,1.3%,1.0,1.0,100.00%,3.1%
2022,receiving,Peyton Hendershot,DAL,,,,2,1,,,,,2,1,,,,,,,,1.0,1.0,100.00%,1.5%,1.0,1.0,100.00%,2.9%
2022,receiving,Justin Herbert,LAC,,,,-2,0,,,,,-2,0,,,,,,,,1.0,1.0,100.00%,1.0%,1.0,1.0,100.00%,2.2%
2022,receiving,Khalil Herbert,CHI,,,,-2,0,,,,,0,0,,,,,,,,1.0,1.0,100.00%,2.7%,0.0,0.0,,.0%
2022,receiving,Cody Hollister,TEN,,,,5,0,,,,,5,0,,,,,,,,1.0,1.0,100.00%,1.8%,1.0,1.0,100.00%,4.2%
2022,receiving,Travis Homer,SEA,,,,18,1,,,,,0,0,,,,,,,,1.0,1.0,100.00%,1.5%,0.0,0.0,,.0%
2022,receiving,Brycen Hopkins,LAR,,,,11,0,,,,,0,0,,,,,,,,1.0,1.0,100.00%,1.5%,0.0,0.0,,.0%
2022,receiving,Keaontay Ingram,ARI,,,,-1,0,,,,,0,0,,,,,,,,1.0,1.0,100.00%,1.6%,0.0,0.0,,.0%
2022,receiving,Tony Jones,NO,,,,5,0,,,,,0,0,,,,,,,,1.0,1.0,100.00%,1.6%,0.0,0.0,,.0%
2022,receiving,Joshua Kelley,LAC,,,,8,0,,,,,0,0,,,,,,,,1.0,1.0,100.00%,1.0%,0.0,0.0,,.0%
2022,receiving,Tom Kennedy,DET,,,,0,0,,,,,0,0,,,,,,,,1.0,0.0,0.00%,1.2%,1.0,0.0,0.00%,2.4%
2022,receiving,Ko Kieft,TB,,,,5,1,,,,,5,1,,,,,,,,1.0,1.0,100.00%,1.0%,1.0,1.0,100.00%,2.0%
2022,receiving,Charlie Kolar,BAL,,,,0,0,,,,,0,0,,,,,,,,1.0,0.0,0.00%,1.4%,1.0,0.0,0.00%,3.4%
2022,receiving,Tyler Mabry,SEA,,,,7,1,,,,,7,1,,,,,,,,1.0,1.0,100.00%,1.5%,1.0,1.0,100.00%,3.7%
2022,receiving,Chris Manhertz,JAX,,,,3,0,,,,,0,0,,,,,,,,1.0,1.0,100.00%,1.3%,0.0,0.0,,.0%
2022,receiving,Trey McBride,ARI,,,,4,1,,,,,4,1,,,,,,,,1.0,1.0,100.00%,1.6%,1.0,1.0,100.00%,3.6%
2022,receiving,Ray-Ray McCloud,SF,,,,8,1,,,,,8,1,,,,,,,,1.0,1.0,100.00%,1.6%,1.0,1.0,100.00%,3.3%
2022,receiving,Lance McCutcheon,LAR,,,,0,0,,,,,0,0,,,,,,,,1.0,0.0,0.00%,1.5%,0.0,0.0,,.0%
2022,receiving,Denzel Mims,NYJ,,,,12,0,,,,,0,0,,,,,,,,1.0,1.0,100.00%,1.6%,0.0,0.0,,.0%
2022,receiving,Elijah Mitchell,SF,,,,-1,0,,,,,-1,0,,,,,,,,1.0,1.0,100.00%,1.6%,1.0,1.0,100.00%,3.3%
2022,receiving,James Mitchell,DET,,,,3,1,,,,,3,1,,,,,,,,1.0,1.0,100.00%,1.2%,1.0,1.0,100.00%,2.4%
2022,receiving,Ty Montgomery,NE,,,,6,1,,,,,6,1,,,,,,,,1.0,1.0,100.00%,2.2%,1.0,1.0,100.00%,3.6%
2022,receiving,Skyy Moore,KC,,,,2,0,,,,,2,0,,,,,,,,1.0,1.0,100.00%,.9%,1.0,1.0,100.00%,1.6%
2022,receiving,Stanley Morgan,CIN,,,,0,0,,,,,0,0,,,,,,,,1.0,0.0,0.00%,1.1%,1.0,0.0,0.00%,2.9%
2022,receiving,Jalen Nailor,MIN,,,,5,0,,,,,0,0,,,,,,,,1.0,1.0,100.00%,1.0%,0.0,0.0,,.0%
2022,receiving,Albert Okwuegbunam,DEN,,,,3,0,,,,,3,0,,,,,,,,1.0,1.0,100.00%,2.0%,1.0,1.0,100.00%,3.7%
2022,receiving,Gunner Olszewski,PIT,,,,8,0,,,,,8,0,,,,,,,,1.0,1.0,100.00%,1.8%,1.0,1.0,100.00%,3.4%
2022,receiving,Isiah Pacheco,KC,,,,9,0,,,,,0,0,,,,,,,,1.0,1.0,100.00%,.9%,0.0,0.0,,.0%
2022,receiving,Zach Pascal,PHI,,,,1,0,,,,,0,0,,,,,,,,1.0,1.0,100.00%,2.1%,0.0,0.0,,.0%
2022,receiving,Dezmon Patmon,IND,,,,0,0,,,,,0,0,,,,,,,,1.0,0.0,0.00%,1.6%,1.0,0.0,0.00%,3.1%
2022,receiving,Rashaad Penny,SEA,,,,4,0,,,,,0,0,,,,,,,,1.0,1.0,100.00%,1.5%,0.0,0.0,,.0%
2022,receiving,Byron Pringle,CHI,,,,4,1,,,,,4,1,,,,,,,,1.0,1.0,100.00%,2.7%,1.0,1.0,100.00%,5.9%
2022,receiving,Jalen Reagor,MIN,,,,1,1,,,,,1,1,,,,,,,,1.0,1.0,100.00%,1.0%,1.0,1.0,100.00%,1.9%
2022,receiving,Patrick Ricard,BAL,,,,12,0,,,,,0,0,,,,,,,,1.0,1.0,100.00%,1.4%,0.0,0.0,,.0%
2022,receiving,Ronnie Rivers,LAR,,,,14,0,,,,,0,0,,,,,,,,1.0,1.0,100.00%,1.5%,0.0,0.0,,.0%
2022,receiving,Brian Robinson,WAS,,,,14,1,,,,,0,0,,,,,,,,1.0,1.0,100.00%,1.9%,0.0,0.0,,.0%
2022,receiving,Amari Rodgers,GB,,,,0,0,,,,,0,0,,,,,,,,1.0,0.0,0.00%,1.4%,0.0,0.0,,.0%
2022,receiving,Drew Sample,CIN,,,,2,0,,,,,0,0,,,,,,,,1.0,1.0,100.00%,1.1%,0.0,0.0,,.0%
2022,receiving,Rashid Shaheed,NO,,,,8,0,,,,,0,0,,,,,,,,1.0,1.0,100.00%,1.6%,0.0,0.0,,.0%
2022,receiving,Sterling Shepard,NYG,,,,0,0,,,,,0,0,,,,,,,,1.0,0.0,0.00%,2.6%,0.0,0.0,,.0%
2022,receiving,Steven Sims,PIT,,,,0,0,,,,,0,0,,,,,,,,1.0,0.0,0.00%,1.8%,0.0,0.0,,.0%
2022,receiving,Ihmir Smith-Marsette,CHI,,,,0,0,,,,,0,0,,,,,,,,1.0,0.0,0.00%,2.7%,1.0,0.0,0.00%,5.9%
2022,receiving,Jeff Smith,NYJ,,,,0,0,,,,,0,0,,,,,,,,1.0,0.0,0.00%,1.6%,0.0,0.0,,.0%
2022,receiving,Keith Smith,ATL,,,,0,0,,,,,0,0,,,,,,,,1.0,0.0,0.00%,2.1%,1.0,0.0,0.00%,3.6%
2022,receiving,Jack Stoll,PHI,,,,0,0,,,,,0,0,,,,,,,,1.0,0.0,0.00%,2.1%,1.0,0.0,0.00%,5.0%
2022,receiving,Jalen Tolbert,DAL,,,,4,0,,,,,0,0,,,,,,,,1.0,1.0,100.00%,1.5%,0.0,0.0,,.0%
2022,receiving,Samori Toure,GB,,,,2,0,,,,,0,0,,,,,,,,1.0,1.0,100.00%,1.4%,0.0,0.0,,.0%
2022,receiving,Cole Turner,WAS,,,,0,0,,,,,0,0,,,,,,,,1.0,0.0,0.00%,1.9%,1.0,0.0,0.00%,3.6%
2022,receiving,DJ Turner,LVR,,,,0,0,,,,,0,0,,,,,,,,1.0,0.0,0.00%,1.4%,0.0,0.0,,.0%
2022,receiving,C.J. Uzomah,NYJ,,,,1,1,,,,,1,1,,,,,,,,1.0,1.0,100.00%,1.6%,1.0,1.0,100.00%,3.6%
2022,receiving,Nick Vannett,NYG,,,,12,0,,,,,0,0,,,,,,,,1.0,1.0,100.00%,2.6%,0.0,0.0,,.0%
2022,receiving,Kenneth Walker,SEA,,,,4,0,,,,,0,0,,,,,,,,1.0,1.0,100.00%,1.5%,0.0,0.0,,.0%
2022,receiving,Jonathan Ward,TEN,,,,4,0,,,,,0,0,,,,,,,,1.0,1.0,100.00%,1.8%,0.0,0.0,,.0%
2022,receiving,Mitchell Wilcox,CIN,,,,12,1,,,,,0,0,,,,,,,,1.0,1.0,100.00%,1.1%,0.0,0.0,,.0%
2022,receiving,Darrel Williams,ARI,,,,0,0,,,,,0,0,,,,,,,,1.0,0.0,0.00%,1.6%,1.0,0.0,0.00%,3.6%
2022,receiving,Kyren Williams,LAR,,,,0,0,,,,,0,0,,,,,,,,1.0,0.0,0.00%,1.5%,0.0,0.0,,.0%
2022,receiving,Zach Wilson,NYJ,,,,2,1,,,,,2,1,,,,,,,,1.0,1.0,100.00%,1.6%,1.0,1.0,100.00%,3.6%
