Player,3DAtt,3DConv,3D%,4DAtt,4DConv,4D%,RZAtt,RZTD,RZPct,Team,Year
Team Stats,240,112,46.7%,15,11,73.3%,58,35,60.3%,atl,2010
Opp. Stats,201,79,39.3%,17,9,52.9%,42,23,54.8%,atl,2010
Lg Rank Offense,,,3,,,1,,,7,atl,2010
Lg Rank Defense,,,22,,,20,,,22,atl,2010
Team Stats,224,99,44.2%,13,4,30.8%,59,31,52.5%,atl,2011
Opp. Stats,211,93,44.1%,11,6,54.5%,47,22,46.8%,atl,2011
Lg Rank Offense,,,6,,,26,,,13,atl,2011
Lg Rank Defense,,,29,,,25,,,8,atl,2011
Team Stats,204,92,45.1%,8,2,25.0%,63,37,58.7%,atl,2012
Opp. Stats,200,81,40.5%,13,6,46.2%,42,19,45.2%,atl,2012
Lg Rank Offense,,,2,,,31,,,8,atl,2012
Lg Rank Defense,,,25,,,15,,,5,atl,2012
Team Stats,207,89,43.0%,14,6,42.9%,52,27,51.9%,atl,2013
Opp. Stats,209,96,45.9%,11,7,63.6%,57,34,59.6%,atl,2013
Lg Rank Offense,,,5,,,21,,,22,atl,2013
Lg Rank Defense,,,32,,,27,,,21,atl,2013
Team Stats,210,93,44.3%,16,8,50.0%,44,27,61.4%,atl,2014
Opp. Stats,203,95,46.8%,8,4,50.0%,58,33,56.9%,atl,2014
Lg Rank Offense,,,7,,,11,,,5,atl,2014
Lg Rank Defense,,,32,,,18,,,21,atl,2014
Team Stats,227,107,47.1%,19,10,52.6%,53,29,54.7%,atl,2015
Opp. Stats,191,82,42.9%,15,5,33.3%,53,33,62.3%,atl,2015
Lg Rank Offense,,,2,,,13,,,17,atl,2015
Lg Rank Defense,,,27,,,5,,,26,atl,2015
Team Stats,178,75,42.1%,14,8,57.1%,63,39,61.9%,atl,2016
Opp. Stats,213,89,41.8%,25,18,72.0%,55,40,72.7%,atl,2016
Lg Rank Offense,,,11,,,9,,,9,atl,2016
Lg Rank Defense,,,26,,,29,,,32,atl,2016
Team Stats,197,88,44.7%,13,4,30.8%,54,27,50.0%,atl,2017
Opp. Stats,196,75,38.3%,19,13,68.4%,48,22,45.8%,atl,2017
Lg Rank Offense,,,1,,,27,,,23,atl,2017
Lg Rank Defense,,,17,,,29,,,5,atl,2017
Team Stats,203,92,45.3%,19,10,52.6%,50,32,64.0%,atl,2018
Opp. Stats,195,95,48.7%,13,10,76.9%,54,38,70.4%,atl,2018
Lg Rank Offense,,,4,,,19,,,11,atl,2018
Lg Rank Defense,,,31,,,31,,,28,atl,2018
Team Stats,207,87,42.0%,21,13,61.9%,60,31,51.7%,atl,2019
Opp. Stats,193,77,39.9%,20,12,60.0%,53,31,58.5%,atl,2019
Lg Rank Offense,,,11,,,4,,,25,atl,2019
Lg Rank Defense,,,21,,,26,,,19,atl,2019
Team Stats,221,97,43.9%,26,15,57.7%,58,31,53.4%,atl,2020
Opp. Stats,195,80,41.0%,23,10,43.5%,56,36,64.3%,atl,2020
Lg Rank Offense,,,10,,,14,,,26,atl,2020
Lg Rank Defense,,,18,,,7,,,25,atl,2020
Team Stats,211,82,38.9%,24,10,41.7%,54,29,53.7%,atl,2021
Opp. Stats,217,105,48.4%,22,11,50.0%,69,44,63.8%,atl,2021
Lg Rank Offense,,,19,,,28,,,24,atl,2021
Lg Rank Defense,,,30,,,12,,,24,atl,2021
Team Stats,196,82,41.8%,18,9,50.0%,54,30,55.6%,atl,2022
Opp. Stats,220,101,45.9%,17,7,41.2%,60,33,55.0%,atl,2022
Lg Rank Offense,,,10,,,17,,,14,atl,2022
Lg Rank Defense,,,31,,,9,,,14,atl,2022
Team Stats,225,90,40.0%,19,8,42.1%,47,22,46.8%,atl,2023
Opp. Stats,228,77,33.8%,23,11,47.8%,53,24,45.3%,atl,2023
Lg Rank Offense,,,13,,,29,,,29,atl,2023
Lg Rank Defense,,,3,,,13,,,4,atl,2023
Team Stats,209,82,39.2%,31,21,67.7%,53,29,54.7%,atl,2024
Opp. Stats,212,96,45.3%,26,14,53.8%,57,37,64.9%,atl,2024
Lg Rank Offense,,,17,,,6,,,20,atl,2024
Lg Rank Defense,,,31,,,15,,,28,atl,2024
Team Stats,207,69,33.3%,28,14,50.0%,50,31,62.0%,atl,2025
Opp. Stats,218,87,39.9%,32,19,59.4%,51,28,54.9%,atl,2025
Lg Rank Offense,,,30,,,22,,,9,atl,2025
Lg Rank Defense,,,18,,,20,,,13,atl,2025
Team Stats,211,80,37.9%,24,11,45.8%,37,19,51.4%,buf,2010
Opp. Stats,227,98,43.2%,10,7,70.0%,54,33,61.1%,buf,2010
Lg Rank Offense,,,18,,,17,,,18,buf,2010
Lg Rank Defense,,,30,,,29,,,26,buf,2010
Team Stats,191,62,32.5%,22,9,40.9%,53,28,52.8%,buf,2011
Opp. Stats,189,75,39.7%,13,9,69.2%,59,38,64.4%,buf,2011
Lg Rank Offense,,,28,,,15,,,11,buf,2011
Lg Rank Defense,,,21,,,31,,,32,buf,2011
Team Stats,198,77,38.9%,8,5,62.5%,48,24,50.0%,buf,2012
Opp. Stats,209,92,44.0%,12,6,50.0%,55,38,69.1%,buf,2012
Lg Rank Offense,,,13,,,8,,,22,buf,2012
Lg Rank Defense,,,31,,,17,,,31,buf,2012
Team Stats,244,83,34.0%,14,4,28.6%,44,21,47.7%,buf,2013
Opp. Stats,245,91,37.1%,10,4,40.0%,51,24,47.1%,buf,2013
Lg Rank Offense,,,29,,,30,,,29,buf,2013
Lg Rank Defense,,,14,,,12,,,6,buf,2013
Team Stats,229,84,36.7%,14,6,42.9%,51,22,43.1%,buf,2014
Opp. Stats,220,73,33.2%,11,5,45.5%,44,22,50.0%,buf,2014
Lg Rank Offense,,,26,,,20,,,29,buf,2014
Lg Rank Defense,,,1,,,15,,,11,buf,2014
Team Stats,227,86,37.9%,16,7,43.8%,38,19,50.0%,buf,2015
Opp. Stats,210,85,40.5%,13,3,23.1%,45,27,60.0%,buf,2015
Lg Rank Offense,,,21,,,24,,,24,buf,2015
Lg Rank Defense,,,23,,,2,,,21,buf,2015
Team Stats,210,86,41.0%,15,8,53.3%,54,35,64.8%,buf,2016
Opp. Stats,205,82,40.0%,14,4,28.6%,57,30,52.6%,buf,2016
Lg Rank Offense,,,13,,,11,,,6,buf,2016
Lg Rank Defense,,,19,,,5,,,12,buf,2016
Team Stats,241,101,41.9,15,2,13.3,44,23,52.3,buf,2017
Opp. Stats,214,82,38.3,20,11,55.0,57,30,52.6,buf,2017
Lg Rank Offense,,,6,,,31,,,21,buf,2017
Lg Rank Defense,,,18,,,24,,,15,buf,2017
Team Stats,215,68,31.6%,18,7,38.9%,37,22,59.5%,buf,2018
Opp. Stats,203,74,36.5%,11,6,54.5%,48,34,70.8%,buf,2018
Lg Rank Offense,,,30,,,31,,,16,buf,2018
Lg Rank Defense,,,8,,,14,,,30,buf,2018
Team Stats,212,76,35.8%,18,8,44.4%,44,25,56.8%,buf,2019
Opp. Stats,212,76,35.8%,21,8,38.1%,43,24,55.8%,buf,2019
Lg Rank Offense,,,24,,,20,,,17,buf,2019
Lg Rank Defense,,,7,,,7,,,14,buf,2019
Team Stats,187,93,49.7%,10,8,80.0%,68,42,61.8%,buf,2020
Opp. Stats,191,76,39.8%,19,11,57.9%,58,38,65.5%,buf,2020
Lg Rank Offense,,,1,,,1,,,13,buf,2020
Lg Rank Defense,,,13,,,18,,,28,buf,2020
Team Stats,222,103,46.4%,22,11,50.0%,77,48,62.3%,buf,2021
Opp. Stats,214,66,30.8%,35,16,45.7%,45,23,51.1%,buf,2021
Lg Rank Offense,,,3,,,20,,,7,buf,2021
Lg Rank Defense,,,1,,,8,,,6,buf,2021
Team Stats,193,97,50.3%,13,7,53.8%,58,35,60.3%,buf,2022
Opp. Stats,208,78,37.5%,33,19,57.6%,49,22,44.9%,buf,2022
Lg Rank Offense,,,1,,,12,,,9,buf,2022
Lg Rank Defense,,,7,,,22,,,2,buf,2022
Team Stats,219,109,49.8%,16,9,56.3%,65,41,63.1%,buf,2023
Opp. Stats,215,83,38.6%,19,10,52.6%,48,27,56.3%,buf,2023
Lg Rank Offense,,,1,,,10,,,6,buf,2023
Lg Rank Defense,,,19,,,19,,,19,buf,2023
Team Stats,202,89,44.1%,22,16,72.7%,67,48,71.6%,buf,2024
Opp. Stats,201,88,43.8%,32,17,53.1%,61,35,57.4%,buf,2024
Lg Rank Offense,,,7,,,2,,,2,buf,2024
Lg Rank Defense,,,29,,,13,,,16,buf,2024
Team Stats,210,94,44.8,32,19,59.4,65,43,66.2,buf,2025
Opp. Stats,203,84,41.4,19,10,52.6,47,28,59.6,buf,2025
Lg Rank Offense,,,4,,,11,,,3,buf,2025
Lg Rank Defense,,,24,,,13,,,19,buf,2025
Team Stats,227,69,30.4%,23,10,43.5%,33,10,30.3%,car,2010
Opp. Stats,213,81,38.0%,9,4,44.4%,66,32,48.5%,car,2010
Lg Rank Offense,,,30,,,19,,,32,car,2010
Lg Rank Defense,,,16,,,12,,,13,car,2010
Team Stats,185,75,40.5%,10,6,60.0%,57,33,57.9%,car,2011
Opp. Stats,194,83,42.8%,12,4,33.3%,56,33,58.9%,car,2011
Lg Rank Offense,,,10,,,4,,,7,car,2011
Lg Rank Defense,,,27,,,6,,,27,car,2011
Team Stats,204,88,43.1%,9,3,33.3%,46,27,58.7%,car,2012
Opp. Stats,202,73,36.1%,19,10,52.6%,50,27,54.0%,car,2012
Lg Rank Offense,,,6,,,27,,,9,car,2012
Lg Rank Defense,,,9,,,19,,,17,car,2012
Team Stats,208,91,43.8%,13,10,76.9%,50,29,58.0%,car,2013
Opp. Stats,212,76,35.8%,11,3,27.3%,41,17,41.5%,car,2013
Lg Rank Offense,,,4,,,3,,,7,car,2013
Lg Rank Defense,,,12,,,4,,,3,car,2013
Team Stats,222,93,41.9%,10,6,60.0%,47,22,46.8%,car,2014
Opp. Stats,210,89,42.4%,11,5,45.5%,46,29,63.0%,car,2014
Lg Rank Offense,,,12,,,3,,,27,car,2014
Lg Rank Defense,,,22,,,15,,,31,car,2014
Team Stats,203,86,42.4%,10,6,60.0%,63,43,68.3%,car,2015
Opp. Stats,227,86,37.9%,26,15,57.7%,40,21,52.5%,car,2015
Lg Rank Offense,,,7,,,4,,,2,car,2015
Lg Rank Defense,,,13,,,24,,,10,car,2015
Team Stats,223,83,37.2%,17,11,64.7%,49,29,59.2%,car,2016
Opp. Stats,211,80,37.9%,13,9,69.2%,55,24,43.6%,car,2016
Lg Rank Offense,,,23,,,8,,,12,car,2016
Lg Rank Defense,,,10,,,27,,,2,car,2016
Team Stats,222,93,41.9,11,5,45.5,52,28,53.8,car,2017
Opp. Stats,206,78,37.9,20,7,35.0,44,21,47.7,car,2017
Lg Rank Offense,,,7,,,16,,,17,car,2017
Lg Rank Defense,,,13,,,10,,,8,car,2017
Team Stats,185,77,41.6%,19,9,47.4%,58,36,62.1%,car,2018
Opp. Stats,183,73,39.9%,17,10,58.8%,47,33,70.2%,car,2018
Lg Rank Offense,,,9,,,24,,,12,car,2018
Lg Rank Defense,,,19,,,20,,,27,car,2018
Team Stats,207,66,31.9%,24,12,50.0%,50,29,58.0%,car,2019
Opp. Stats,193,77,39.9%,9,6,66.7%,64,41,64.1%,car,2019
Lg Rank Offense,,,29,,,13,,,13,car,2019
Lg Rank Defense,,,21,,,31,,,29,car,2019
Team Stats,195,76,39.0%,27,15,55.6%,57,29,50.9%,car,2020
Opp. Stats,199,98,49.2%,10,6,60.0%,57,36,63.2%,car,2020
Lg Rank Offense,,,25,,,20,,,28,car,2020
Lg Rank Defense,,,31,,,21,,,21,car,2020
Team Stats,235,84,35.7%,34,14,41.2%,47,25,53.2%,car,2021
Opp. Stats,217,82,37.8%,21,12,57.1%,52,35,67.3%,car,2021
Lg Rank Offense,,,29,,,31,,,25,car,2021
Lg Rank Defense,,,9,,,18,,,29,car,2021
Team Stats,202,64,31.7%,21,12,57.1%,46,26,56.5%,car,2022
Opp. Stats,231,95,41.1%,18,8,44.4%,57,32,56.1%,car,2022
Lg Rank Offense,,,30,,,5,,,12,car,2022
Lg Rank Defense,,,23,,,12,,,18,car,2022
Team Stats,249,85,34.1%,48,23,47.9%,36,18,50.0%,car,2023
Opp. Stats,221,84,38.0%,10,7,70.0%,57,36,63.2%,car,2023
Lg Rank Offense,,,27,,,21,,,21,car,2023
Lg Rank Defense,,,15,,,31,,,27,car,2023
Team Stats,211,76,36.0%,30,14,46.7%,50,31,62.0%,car,2024
Opp. Stats,223,112,50.2%,15,9,60.0%,76,50,65.8%,car,2024
Lg Rank Offense,,,26,,,26,,,9,car,2024
Lg Rank Defense,,,32,,,20,,,29,car,2024
Team Stats,205,74,36.1,40,27,67.5,45,24,53.3,car,2025
Opp. Stats,210,99,47.1,22,14,63.6,58,32,55.2,car,2025
Lg Rank Offense,,,25,,,4,,,24,car,2025
Lg Rank Defense,,,31,,,24,,,14,car,2025
Team Stats,195,64,32.8%,7,2,28.6%,51,23,45.1%,chi,2010
Opp. Stats,216,75,34.7%,13,6,46.2%,42,20,47.6%,chi,2010
Lg Rank Offense,,,27,,,31,,,26,chi,2010
Lg Rank Defense,,,6,,,16,,,10,chi,2010
Team Stats,203,66,32.5%,8,2,25.0%,38,20,52.6%,chi,2011
Opp. Stats,229,80,34.9%,17,7,41.2%,56,25,44.6%,chi,2011
Lg Rank Offense,,,27,,,31,,,12,chi,2011
Lg Rank Defense,,,10,,,12,,,7,chi,2011
Team Stats,219,80,36.5%,13,5,38.5%,46,23,50.0%,chi,2012
Opp. Stats,220,78,35.5%,16,10,62.5%,41,21,51.2%,chi,2012
Lg Rank Offense,,,22,,,26,,,22,chi,2012
Lg Rank Defense,,,6,,,26,,,10,chi,2012
Team Stats,197,83,42.1%,13,8,61.5%,60,35,58.3%,chi,2013
Opp. Stats,200,83,41.5%,16,12,75.0%,59,34,57.6%,chi,2013
Lg Rank Offense,,,7,,,8,,,6,chi,2013
Lg Rank Defense,,,25,,,30,,,19,chi,2013
Team Stats,207,78,37.7%,28,13,46.4%,47,30,63.8%,chi,2014
Opp. Stats,201,85,42.3%,19,12,63.2%,71,37,52.1%,chi,2014
Lg Rank Offense,,,24,,,17,,,3,chi,2014
Lg Rank Defense,,,21,,,30,,,14,chi,2014
Team Stats,219,93,42.5%,10,6,60.0%,50,24,48.0%,chi,2015
Opp. Stats,201,89,44.3%,12,5,41.7%,45,27,60.0%,chi,2015
Lg Rank Offense,,,6,,,4,,,27,chi,2015
Lg Rank Defense,,,29,,,9,,,21,chi,2015
Team Stats,185,70,37.8%,14,4,28.6%,49,25,51.0%,chi,2016
Opp. Stats,210,85,40.5%,14,10,71.4%,59,31,52.5%,chi,2016
Lg Rank Offense,,,21,,,31,,,23,chi,2016
Lg Rank Defense,,,22,,,28,,,11,chi,2016
Team Stats,205,71,34.6,18,7,38.9,33,20,60.6,chi,2017
Opp. Stats,219,86,39.3,11,6,54.5,49,24,49.0,chi,2017
Lg Rank Offense,,,26,,,22,,,4,chi,2017
Lg Rank Defense,,,20,,,23,,,12,chi,2017
Team Stats,200,82,41.0%,15,9,60.0%,54,36,66.7%,chi,2018
Opp. Stats,219,75,34.2%,28,16,57.1%,40,20,50.0%,chi,2018
Lg Rank Offense,,,11,,,11,,,6,chi,2018
Lg Rank Defense,,,4,,,18,,,5,chi,2018
Team Stats,216,77,35.6%,21,7,33.3%,46,24,52.2%,chi,2019
Opp. Stats,209,76,36.4%,23,13,56.5%,53,29,54.7%,chi,2019
Lg Rank Offense,,,25,,,28,,,24,chi,2019
Lg Rank Defense,,,9,,,22,,,13,chi,2019
Team Stats,205,71,34.6%,28,17,60.7%,55,31,56.4%,chi,2020
Opp. Stats,210,80,38.1%,22,13,59.1%,53,29,54.7%,chi,2020
Lg Rank Offense,,,31,,,12,,,22,chi,2020
Lg Rank Defense,,,8,,,20,,,5,chi,2020
Team Stats,216,75,34.7%,36,15,41.7%,48,23,47.9%,chi,2021
Opp. Stats,211,81,38.4%,24,12,50.0%,54,30,55.6%,chi,2021
Lg Rank Offense,,,32,,,28,,,30,chi,2021
Lg Rank Defense,,,11,,,12,,,13,chi,2021
Team Stats,220,90,40.9%,25,8,32.0%,50,28,56.0%,chi,2022
Opp. Stats,204,100,49.0%,15,6,40.0%,62,40,64.5%,chi,2022
Lg Rank Offense,,,13,,,31,,,13,chi,2022
Lg Rank Defense,,,32,,,6,,,28,chi,2022
Team Stats,238,98,41.2%,26,13,50.0%,49,28,57.1%,chi,2023
Opp. Stats,222,98,44.1%,23,10,43.5%,45,31,68.9%,chi,2023
Lg Rank Offense,,,12,,,16,,,13,chi,2023
Lg Rank Defense,,,29,,,4,,,31,chi,2023
Team Stats,231,76,32.9%,38,23,60.5%,37,23,62.2%,chi,2024
Opp. Stats,213,80,37.6%,19,9,47.4%,63,29,46.0%,chi,2024
Lg Rank Offense,,,31,,,13,,,8,chi,2024
Lg Rank Defense,,,13,,,5,,,2,chi,2024
Team Stats,227,97,42.7,29,15,51.7,55,32,58.2,chi,2025
Opp. Stats,191,78,40.8,23,11,47.8,57,32,56.1,chi,2025
Lg Rank Offense,,,7,,,21,,,12,chi,2025
Lg Rank Defense,,,22,,,8,,,15,chi,2025
Team Stats,224,87,38.8%,19,13,68.4%,55,27,49.1%,cin,2010
Opp. Stats,198,75,37.9%,7,2,28.6%,45,21,46.7%,cin,2010
Lg Rank Offense,,,17,,,5,,,21,cin,2010
Lg Rank Defense,,,14,,,3,,,8,cin,2010
Team Stats,219,80,36.5%,10,4,40.0%,51,23,45.1%,cin,2011
Opp. Stats,220,78,35.5%,11,4,36.4%,41,24,58.5%,cin,2011
Lg Rank Offense,,,18,,,16,,,26,cin,2011
Lg Rank Defense,,,12,,,8,,,25,cin,2011
Team Stats,217,74,34.1%,16,11,68.8%,57,31,54.4%,cin,2012
Opp. Stats,219,79,36.1%,12,5,41.7%,41,21,51.2%,cin,2012
Lg Rank Offense,,,27,,,4,,,16,cin,2012
Lg Rank Defense,,,8,,,9,,,10,cin,2012
Team Stats,225,92,40.9%,21,12,57.1%,46,34,73.9%,cin,2013
Opp. Stats,225,74,32.9%,16,5,31.3%,36,18,50.0%,cin,2013
Lg Rank Offense,,,10,,,11,,,2,cin,2013
Lg Rank Defense,,,2,,,5,,,8,cin,2013
Team Stats,211,84,39.8%,13,7,53.8%,49,28,57.1%,cin,2014
Opp. Stats,215,79,36.7%,19,10,52.6%,55,27,49.1%,cin,2014
Lg Rank Offense,,,18,,,8,,,11,cin,2014
Lg Rank Defense,,,7,,,22,,,10,cin,2014
Team Stats,201,81,40.3%,12,7,58.3%,58,38,65.5%,cin,2015
Opp. Stats,218,86,39.4%,20,9,45.0%,38,18,47.4%,cin,2015
Lg Rank Offense,,,13,,,7,,,5,cin,2015
Lg Rank Defense,,,18,,,12,,,5,cin,2015
Team Stats,210,82,39.0%,9,7,77.8%,54,29,53.7%,cin,2016
Opp. Stats,217,86,39.6%,19,9,47.4%,49,25,51.0%,cin,2016
Lg Rank Offense,,,15,,,3,,,18,cin,2016
Lg Rank Defense,,,17,,,15,,,7,cin,2016
Team Stats,199,67,33.7,12,5,41.7,43,24,55.8,cin,2017
Opp. Stats,241,98,40.7,19,9,47.4,56,26,46.4,cin,2017
Lg Rank Offense,,,29,,,20,,,12,cin,2017
Lg Rank Defense,,,25,,,18,,,6,cin,2017
Team Stats,187,69,36.9%,17,9,52.9%,45,32,71.1%,cin,2018
Opp. Stats,223,109,48.9%,17,11,64.7%,61,39,63.9%,cin,2018
Lg Rank Offense,,,21,,,18,,,3,cin,2018
Lg Rank Defense,,,32,,,26,,,25,cin,2018
Team Stats,222,80,36.0%,26,13,50.0%,48,21,43.8%,cin,2019
Opp. Stats,209,89,42.6%,10,5,50.0%,51,25,49.0%,cin,2019
Lg Rank Offense,,,22,,,13,,,30,cin,2019
Lg Rank Defense,,,25,,,19,,,5,cin,2019
Team Stats,213,77,36.2%,27,19,70.4%,48,24,50.0%,cin,2020
Opp. Stats,210,91,43.3%,16,10,62.5%,58,37,63.8%,cin,2020
Lg Rank Offense,,,30,,,4,,,29,cin,2020
Lg Rank Defense,,,20,,,24,,,24,cin,2020
Team Stats,207,82,39.6%,20,13,65.0%,52,31,59.6%,cin,2021
Opp. Stats,221,92,41.6%,18,7,38.9%,53,32,60.4%,cin,2021
Lg Rank Offense,,,16,,,3,,,16,cin,2021
Lg Rank Defense,,,22,,,2,,,19,cin,2021
Team Stats,206,95,46.1%,12,3,25.0%,57,37,64.9%,cin,2022
Opp. Stats,212,84,39.6%,23,9,39.1%,50,26,52.0%,cin,2022
Lg Rank Offense,,,3,,,32,,,5,cin,2022
Lg Rank Defense,,,20,,,4,,,9,cin,2022
Team Stats,218,82,37.6%,20,9,45.0%,52,31,59.6%,cin,2023
Opp. Stats,213,87,40.8%,15,7,46.7%,60,31,51.7%,cin,2023
Lg Rank Offense,,,20,,,25,,,10,cin,2023
Lg Rank Defense,,,22,,,8,,,11,cin,2023
Team Stats,214,100,46.7%,19,10,52.6%,61,39,63.9%,cin,2024
Opp. Stats,207,87,42.0%,27,16,59.3%,53,36,67.9%,cin,2024
Lg Rank Offense,,,5,,,21,,,5,cin,2024
Lg Rank Defense,,,23,,,19,,,30,cin,2024
Team Stats,221,96,43.4,20,14,70.0,54,36,66.7,cin,2025
Opp. Stats,205,89,43.4,27,18,66.7,62,39,62.9,cin,2025
Lg Rank Offense,,,5,,,3,,,2,cin,2025
Lg Rank Defense,,,28,,,26,,,24,cin,2025
Team Stats,202,75,37.1%,7,5,71.4%,42,19,45.2%,cle,2010
Opp. Stats,224,96,42.9%,15,11,73.3%,48,23,47.9%,cle,2010
Lg Rank Offense,,,19,,,2,,,25,cle,2010
Lg Rank Defense,,,28,,,31,,,11,cle,2010
Team Stats,238,92,38.7%,18,10,55.6%,31,13,41.9%,cle,2011
Opp. Stats,230,95,41.3%,14,6,42.9%,49,20,40.8%,cle,2011
Lg Rank Offense,,,12,,,8,,,28,cle,2011
Lg Rank Defense,,,24,,,17,,,3,cle,2011
Team Stats,218,67,30.7%,16,7,43.8%,39,17,43.6%,cle,2012
Opp. Stats,223,85,38.1%,11,7,63.6%,53,30,56.6%,cle,2012
Lg Rank Offense,,,30,,,21,,,29,cle,2012
Lg Rank Defense,,,16,,,27,,,23,cle,2012
Team Stats,237,83,35.0%,31,14,45.2%,36,19,52.8%,cle,2013
Opp. Stats,244,109,44.7%,9,4,44.4%,50,32,64.0%,cle,2013
Lg Rank Offense,,,24,,,19,,,17,cle,2013
Lg Rank Defense,,,31,,,15,,,29,cle,2013
Team Stats,207,61,29.5%,14,5,35.7%,49,24,49.0%,cle,2014
Opp. Stats,239,90,37.7%,18,11,61.1%,54,25,46.3%,cle,2014
Lg Rank Offense,,,32,,,27,,,24,cle,2014
Lg Rank Defense,,,11,,,29,,,5,cle,2014
Team Stats,227,95,41.9%,24,10,41.7%,47,18,38.3%,cle,2015
Opp. Stats,203,81,39.9%,15,10,66.7%,62,36,58.1%,cle,2015
Lg Rank Offense,,,9,,,26,,,32,cle,2015
Lg Rank Defense,,,20,,,27,,,18,cle,2015
Team Stats,212,77,36.3%,18,13,72.2%,44,24,54.5%,cle,2016
Opp. Stats,206,93,45.1%,12,9,75.0%,60,40,66.7%,cle,2016
Lg Rank Offense,,,26,,,4,,,16,cle,2016
Lg Rank Defense,,,30,,,30,,,29,cle,2016
Team Stats,216,73,33.8,23,12,52.2,39,19,48.7,cle,2017
Opp. Stats,224,91,40.6,10,5,50.0,46,31,67.4,cle,2017
Lg Rank Offense,,,28,,,11,,,25,cle,2017
Lg Rank Defense,,,24,,,19,,,32,cle,2017
Team Stats,208,73,35.1%,21,9,42.9%,48,32,66.7%,cle,2018
Opp. Stats,210,75,35.7%,20,13,65.0%,54,33,61.1%,cle,2018
Lg Rank Offense,,,27,,,28,,,6,cle,2018
Lg Rank Defense,,,7,,,27,,,21,cle,2018
Team Stats,196,71,36.2%,17,7,41.2%,50,29,58.0%,cle,2019
Opp. Stats,195,74,37.9%,17,6,35.3%,57,35,61.4%,cle,2019
Lg Rank Offense,,,20,,,23,,,13,cle,2019
Lg Rank Defense,,,14,,,5,,,25,cle,2019
Team Stats,196,88,44.9%,24,8,33.3%,53,39,73.6%,cle,2020
Opp. Stats,205,90,43.9%,27,22,81.5%,61,37,60.7%,cle,2020
Lg Rank Offense,,,7,,,30,,,3,cle,2020
Lg Rank Defense,,,23,,,31,,,14,cle,2020
Team Stats,212,83,39.2%,29,12,41.4%,50,31,62.0%,cle,2021
Opp. Stats,219,86,39.3%,25,16,64.0%,52,34,65.4%,cle,2021
Lg Rank Offense,,,17,,,30,,,10,cle,2021
Lg Rank Defense,,,13,,,28,,,27,cle,2021
Team Stats,231,88,38.1%,42,23,54.8%,56,30,53.6%,cle,2022
Opp. Stats,215,85,39.5%,18,8,44.4%,58,32,55.2%,cle,2022
Lg Rank Offense,,,19,,,8,,,18,cle,2022
Lg Rank Defense,,,19,,,12,,,16,cle,2022
Team Stats,253,80,31.6%,32,18,56.3%,50,28,56.0%,cle,2023
Opp. Stats,230,67,29.1%,15,6,40.0%,42,30,71.4%,cle,2023
Lg Rank Offense,,,29,,,10,,,15,cle,2023
Lg Rank Defense,,,1,,,1,,,32,cle,2023
Team Stats,237,70,29.5%,44,24,54.5%,37,18,48.6%,cle,2024
Opp. Stats,224,81,36.2%,18,8,44.4%,53,33,62.3%,cle,2024
Lg Rank Offense,,,32,,,17,,,28,cle,2024
Lg Rank Defense,,,8,,,4,,,24,cle,2024
Team Stats,235,79,33.6,29,12,41.4,38,20,52.6,cle,2025
Opp. Stats,226,82,36.3,18,7,38.9,50,29,58.0,cle,2025
Lg Rank Offense,,,29,,,30,,,25,cle,2025
Lg Rank Defense,,,7,,,5,,,18,cle,2025
Team Stats,204,91,44.6%,8,5,62.5%,56,38,67.9%,clt,2010
Opp. Stats,200,78,39.0%,18,8,44.4%,48,25,52.1%,clt,2010
Lg Rank Offense,,,5,,,7,,,1,clt,2010
Lg Rank Defense,,,21,,,12,,,16,clt,2010
Team Stats,214,74,34.6%,11,4,36.4%,38,16,42.1%,clt,2011
Opp. Stats,216,98,45.4%,6,3,50.0%,57,35,61.4%,clt,2011
Lg Rank Offense,,,23,,,21,,,27,clt,2011
Lg Rank Defense,,,31,,,22,,,31,clt,2011
Team Stats,229,98,42.8%,8,7,87.5%,48,26,54.2%,clt,2012
Opp. Stats,197,75,38.1%,7,3,42.9%,53,27,50.9%,clt,2012
Lg Rank Offense,,,7,,,1,,,17,clt,2012
Lg Rank Defense,,,14,,,10,,,8,clt,2012
Team Stats,213,80,37.6%,10,3,30.0%,50,28,56.0%,clt,2013
Opp. Stats,210,79,37.6%,19,10,52.6%,41,24,58.5%,clt,2013
Lg Rank Offense,,,15,,,28,,,14,clt,2013
Lg Rank Defense,,,15,,,20,,,20,clt,2013
Team Stats,217,89,41.0%,15,6,40.0%,60,33,55.0%,clt,2014
Opp. Stats,201,67,33.3%,17,4,23.5%,50,33,66.0%,clt,2014
Lg Rank Offense,,,13,,,22,,,12,clt,2014
Lg Rank Defense,,,2,,,4,,,32,clt,2014
Team Stats,235,94,40.0%,13,7,53.8%,49,26,53.1%,clt,2015
Opp. Stats,227,89,39.2%,14,10,71.4%,53,33,62.3%,clt,2015
Lg Rank Offense,,,14,,,10,,,21,clt,2015
Lg Rank Defense,,,17,,,30,,,26,clt,2015
Team Stats,202,87,43.1%,18,8,44.4%,53,35,66.0%,clt,2016
Opp. Stats,193,80,41.5%,8,3,37.5%,50,25,50.0%,clt,2016
Lg Rank Offense,,,7,,,20,,,5,clt,2016
Lg Rank Defense,,,25,,,7,,,6,clt,2016
Team Stats,228,87,38.2,17,8,47.1,40,16,40.0,clt,2017
Opp. Stats,217,97,44.7,14,7,50.0,51,27,52.9,clt,2017
Lg Rank Offense,,,18,,,15,,,31,clt,2017
Lg Rank Defense,,,31,,,19,,,16,clt,2017
Team Stats,214,104,48.6%,15,7,46.7%,64,44,68.8%,clt,2018
Opp. Stats,200,82,41.0%,15,7,46.7%,43,23,53.5%,clt,2018
Lg Rank Offense,,,1,,,26,,,5,clt,2018
Lg Rank Defense,,,23,,,7,,,11,clt,2018
Team Stats,207,86,41.5%,24,14,58.3%,56,36,64.3%,clt,2019
Opp. Stats,199,85,42.7%,19,8,42.1%,50,26,52.0%,clt,2019
Lg Rank Offense,,,12,,,6,,,6,clt,2019
Lg Rank Defense,,,27,,,9,,,11,clt,2019
Team Stats,197,78,39.6%,26,16,61.5%,60,35,58.3%,clt,2020
Opp. Stats,203,86,42.4%,14,6,42.9%,52,32,61.5%,clt,2020
Lg Rank Offense,,,22,,,11,,,17,clt,2020
Lg Rank Defense,,,19,,,5,,,15,clt,2020
Team Stats,210,86,41.0%,29,18,62.1%,64,36,56.3%,clt,2021
Opp. Stats,210,85,40.5%,21,12,57.1%,53,34,64.2%,clt,2021
Lg Rank Offense,,,12,,,8,,,20,clt,2021
Lg Rank Defense,,,19,,,18,,,25,clt,2021
Team Stats,228,75,32.9%,26,12,46.2%,48,22,45.8%,clt,2022
Opp. Stats,224,85,37.9%,25,13,52.0%,53,36,67.9%,clt,2022
Lg Rank Offense,,,29,,,23,,,29,clt,2022
Lg Rank Defense,,,10,,,17,,,32,clt,2022
Team Stats,232,82,35.3%,32,16,50.0%,57,28,49.1%,clt,2023
Opp. Stats,240,89,37.1%,26,17,65.4%,52,29,55.8%,clt,2023
Lg Rank Offense,,,26,,,16,,,23,clt,2023
Lg Rank Defense,,,11,,,30,,,17,clt,2023
Team Stats,219,83,37.9%,28,17,60.7%,52,28,53.8%,clt,2024
Opp. Stats,234,104,44.4%,21,11,52.4%,61,37,60.7%,clt,2024
Lg Rank Offense,,,18,,,12,,,22,clt,2024
Lg Rank Defense,,,30,,,10,,,23,clt,2024
Team Stats,195,83,42.6,27,18,66.7,66,43,65.2,clt,2025
Opp. Stats,219,93,42.5,28,15,53.6,67,36,53.7,clt,2025
Lg Rank Offense,,,8,,,5,,,5,clt,2025
Lg Rank Defense,,,26,,,15,,,11,clt,2025
Team Stats,209,58,27.8%,18,7,38.9%,37,16,43.2%,crd,2010
Opp. Stats,233,87,37.3%,17,9,52.9%,69,27,39.1%,crd,2010
Lg Rank Offense,,,32,,,24,,,28,crd,2010
Lg Rank Defense,,,12,,,20,,,1,crd,2010
Team Stats,205,66,32.2%,15,9,60.0%,45,23,51.1%,crd,2011
Opp. Stats,226,71,31.4%,8,4,50.0%,58,23,39.7%,crd,2011
Lg Rank Offense,,,29,,,4,,,15,crd,2011
Lg Rank Defense,,,1,,,22,,,2,crd,2011
Team Stats,230,58,25.2%,24,10,41.7%,40,16,40.0%,crd,2012
Opp. Stats,222,73,32.9%,9,4,44.4%,45,20,44.4%,crd,2012
Lg Rank Offense,,,32,,,23,,,31,crd,2012
Lg Rank Defense,,,2,,,13,,,3,crd,2012
Team Stats,210,74,35.2%,9,5,55.6%,50,26,52.0%,crd,2013
Opp. Stats,221,78,35.3%,16,6,37.5%,48,26,54.2%,crd,2013
Lg Rank Offense,,,22,,,12,,,20,crd,2013
Lg Rank Defense,,,11,,,9,,,14,crd,2013
Team Stats,224,90,40.2%,4,3,75.0%,38,16,42.1%,crd,2014
Opp. Stats,215,81,37.7%,13,5,38.5%,41,18,43.9%,crd,2014
Lg Rank Offense,,,16,,,1,,,30,crd,2014
Lg Rank Defense,,,12,,,10,,,3,crd,2014
Team Stats,198,93,47.0%,9,4,44.4%,63,38,60.3%,crd,2015
Opp. Stats,210,75,35.7%,17,8,47.1%,47,26,55.3%,crd,2015
Lg Rank Offense,,,3,,,23,,,12,crd,2015
Lg Rank Defense,,,8,,,13,,,14,crd,2015
Team Stats,214,87,40.7%,10,5,50.0%,54,35,64.8%,crd,2016
Opp. Stats,219,85,38.8%,15,7,46.7%,45,25,55.6%,crd,2016
Lg Rank Offense,,,14,,,14,,,6,crd,2016
Lg Rank Defense,,,13,,,14,,,19,crd,2016
Team Stats,233,82,35.2,16,7,43.8,48,20,41.7,crd,2017
Opp. Stats,224,80,35.7,16,7,43.8,46,27,58.7,crd,2017
Lg Rank Offense,,,24,,,19,,,30,crd,2017
Lg Rank Defense,,,6,,,14,,,24,crd,2017
Team Stats,199,58,29.1%,16,6,37.5%,28,18,64.3%,crd,2018
Opp. Stats,205,78,38.0%,13,8,61.5%,53,33,62.3%,crd,2018
Lg Rank Offense,,,32,,,32,,,9,crd,2018
Lg Rank Defense,,,15,,,24,,,22,crd,2018
Team Stats,197,71,36.0%,20,13,65.0%,53,24,45.3%,crd,2019
Opp. Stats,214,100,46.7%,14,3,21.4%,62,37,59.7%,crd,2019
Lg Rank Offense,,,21,,,3,,,29,crd,2019
Lg Rank Defense,,,30,,,1,,,21,crd,2019
Team Stats,202,80,39.6%,25,17,68.0%,58,38,65.5%,crd,2020
Opp. Stats,202,80,39.6%,21,14,66.7%,56,29,51.8%,crd,2020
Lg Rank Offense,,,21,,,6,,,10,crd,2020
Lg Rank Defense,,,12,,,27,,,3,crd,2020
Team Stats,221,100,45.2%,29,17,58.6%,65,39,60.0%,crd,2021
Opp. Stats,207,79,38.2%,30,14,46.7%,51,31,60.8%,crd,2021
Lg Rank Offense,,,5,,,10,,,14,crd,2021
Lg Rank Defense,,,10,,,10,,,20,crd,2021
Team Stats,233,82,35.2%,41,18,43.9%,44,25,56.8%,crd,2022
Opp. Stats,203,87,42.9%,16,8,50.0%,66,43,65.2%,crd,2022
Lg Rank Offense,,,26,,,24,,,11,crd,2022
Lg Rank Defense,,,28,,,16,,,30,crd,2022
Team Stats,225,88,39.1%,34,15,44.1%,44,27,61.4%,crd,2023
Opp. Stats,205,97,47.3%,15,7,46.7%,71,43,60.6%,crd,2023
Lg Rank Offense,,,14,,,27,,,8,crd,2023
Lg Rank Defense,,,32,,,8,,,24,crd,2023
Team Stats,193,83,43.0%,18,8,44.4%,57,32,56.1%,crd,2024
Opp. Stats,208,91,43.8%,24,14,58.3%,57,30,52.6%,crd,2024
Lg Rank Offense,,,8,,,28,,,17,crd,2024
Lg Rank Defense,,,28,,,17,,,9,crd,2024
Team Stats,224,93,41.5,28,12,42.9,61,33,54.1,crd,2025
Opp. Stats,209,90,43.1,25,12,48.0,68,43,63.2,crd,2025
Lg Rank Offense,,,9,,,29,,,22,crd,2025
Lg Rank Defense,,,27,,,9,,,26,crd,2025
Team Stats,211,86,40.8%,22,13,59.1%,47,28,59.6%,dal,2010
Opp. Stats,204,81,39.7%,9,4,44.4%,53,35,66.0%,dal,2010
Lg Rank Offense,,,10,,,9,,,9,dal,2010
Lg Rank Defense,,,25,,,12,,,29,dal,2010
Team Stats,198,78,39.4%,10,5,50.0%,51,25,49.0%,dal,2011
Opp. Stats,204,81,39.7%,11,4,36.4%,49,27,55.1%,dal,2011
Lg Rank Offense,,,11,,,10,,,20,dal,2011
Lg Rank Defense,,,22,,,8,,,19,dal,2011
Team Stats,212,93,43.9%,11,8,72.7%,49,25,51.0%,dal,2012
Opp. Stats,202,81,40.1%,11,6,54.5%,55,30,54.5%,dal,2012
Lg Rank Offense,,,5,,,2,,,20,dal,2012
Lg Rank Defense,,,23,,,21,,,18,dal,2012
Team Stats,180,63,35.0%,6,4,66.7%,51,35,68.6%,dal,2013
Opp. Stats,210,91,43.3%,18,9,50.0%,62,40,64.5%,dal,2013
Lg Rank Offense,,,25,,,5,,,3,dal,2013
Lg Rank Defense,,,29,,,18,,,31,dal,2013
Team Stats,201,95,47.3%,6,3,50.0%,51,33,64.7%,dal,2014
Opp. Stats,204,89,43.6%,20,10,50.0%,49,30,61.2%,dal,2014
Lg Rank Offense,,,2,,,11,,,2,dal,2014
Lg Rank Defense,,,27,,,18,,,27,dal,2014
Team Stats,191,66,34.6%,16,8,50.0%,45,20,44.4%,dal,2015
Opp. Stats,208,81,38.9%,10,5,50.0%,49,25,51.0%,dal,2015
Lg Rank Offense,,,27,,,15,,,29,dal,2015
Lg Rank Defense,,,15,,,16,,,8,dal,2015
Team Stats,189,80,42.3%,9,8,88.9%,57,38,66.7%,dal,2016
Opp. Stats,197,77,39.1%,14,9,64.3%,54,29,53.7%,dal,2016
Lg Rank Offense,,,10,,,1,,,3,dal,2016
Lg Rank Defense,,,15,,,23,,,14,dal,2016
Team Stats,203,87,42.9,19,10,52.6,52,31,59.6,dal,2017
Opp. Stats,210,90,42.9,13,4,30.8,49,28,57.1,dal,2017
Lg Rank Offense,,,5,,,10,,,6,dal,2017
Lg Rank Defense,,,29,,,6,,,22,dal,2017
Team Stats,215,89,41.4%,21,12,57.1%,50,24,48.0%,dal,2018
Opp. Stats,201,85,42.3%,14,6,42.9%,49,25,51.0%,dal,2018
Lg Rank Offense,,,10,,,16,,,29,dal,2018
Lg Rank Defense,,,27,,,5,,,7,dal,2018
Team Stats,204,96,47.1%,16,7,43.8%,54,31,57.4%,dal,2019
Opp. Stats,201,67,33.3%,22,10,45.5%,57,29,50.9%,dal,2019
Lg Rank Offense,,,2,,,21,,,15,dal,2019
Lg Rank Defense,,,2,,,13,,,9,dal,2019
Team Stats,215,87,40.5%,31,17,54.8%,54,27,50.0%,dal,2020
Opp. Stats,209,98,46.9%,21,10,47.6%,55,34,61.8%,dal,2020
Lg Rank Offense,,,19,,,21,,,29,dal,2020
Lg Rank Defense,,,26,,,11,,,17,dal,2020
Team Stats,228,99,43.4%,24,14,58.3%,65,41,63.1%,dal,2021
Opp. Stats,223,76,34.1%,26,16,61.5%,47,28,59.6%,dal,2021
Lg Rank Offense,,,11,,,11,,,6,dal,2021
Lg Rank Defense,,,2,,,26,,,18,dal,2021
Team Stats,231,105,45.5%,19,10,52.6%,56,40,71.4%,dal,2022
Opp. Stats,231,87,37.7%,22,12,54.5%,50,26,52.0%,dal,2022
Lg Rank Offense,,,5,,,14,,,1,dal,2022
Lg Rank Defense,,,9,,,18,,,9,dal,2022
Team Stats,230,111,48.3%,23,13,56.5%,71,40,56.3%,dal,2023
Opp. Stats,211,79,37.4%,37,19,51.4%,48,27,56.3%,dal,2023
Lg Rank Offense,,,2,,,9,,,14,dal,2023
Lg Rank Defense,,,14,,,18,,,19,dal,2023
Team Stats,228,84,36.8%,28,10,35.7%,50,23,46.0%,dal,2024
Opp. Stats,205,75,36.6%,25,17,68.0%,56,42,75.0%,dal,2024
Lg Rank Offense,,,23,,,32,,,31,dal,2024
Lg Rank Defense,,,9,,,28,,,32,dal,2024
Team Stats,209,86,41.1,35,22,62.9,65,37,56.9,dal,2025
Opp. Stats,201,95,47.3,21,13,61.9,66,44,66.7,dal,2025
Lg Rank Offense,,,12,,,7,,,18,dal,2025
Lg Rank Defense,,,32,,,21,,,29,dal,2025
Team Stats,207,67,32.4%,19,6,31.6%,52,29,55.8%,den,2010
Opp. Stats,209,80,38.3%,16,10,62.5%,52,32,61.5%,den,2010
Lg Rank Offense,,,28,,,29,,,13,den,2010
Lg Rank Defense,,,17,,,25,,,27,den,2010
Team Stats,214,66,30.8%,13,3,23.1%,36,17,47.2%,den,2011
Opp. Stats,218,73,33.5%,9,3,33.3%,52,27,51.9%,den,2011
Lg Rank Offense,,,30,,,32,,,23,den,2011
Lg Rank Defense,,,6,,,6,,,15,den,2011
Team Stats,213,96,45.1%,5,3,60.0%,66,39,59.1%,den,2012
Opp. Stats,216,66,30.6%,18,7,38.9%,41,24,58.5%,den,2012
Lg Rank Offense,,,3,,,10,,,7,den,2012
Lg Rank Defense,,,1,,,5,,,25,den,2012
Team Stats,205,95,46.3%,9,8,88.9%,67,51,76.1%,den,2013
Opp. Stats,218,83,38.1%,15,4,26.7%,60,37,61.7%,den,2013
Lg Rank Offense,,,2,,,1,,,1,den,2013
Lg Rank Defense,,,16,,,2,,,25,den,2013
Team Stats,213,94,44.1%,13,6,46.2%,62,39,62.9%,den,2014
Opp. Stats,222,81,36.5%,17,10,58.8%,52,30,57.7%,den,2014
Lg Rank Offense,,,8,,,18,,,4,den,2014
Lg Rank Defense,,,5,,,27,,,22,den,2014
Team Stats,224,79,35.3%,14,7,50.0%,44,21,47.7%,den,2015
Opp. Stats,227,80,35.2%,14,5,35.7%,37,22,59.5%,den,2015
Lg Rank Offense,,,25,,,15,,,28,den,2015
Lg Rank Defense,,,7,,,8,,,20,den,2015
Team Stats,219,75,34.2%,17,9,52.9%,47,22,46.8%,den,2016
Opp. Stats,236,86,36.4%,16,6,37.5%,42,22,52.4%,den,2016
Lg Rank Offense,,,31,,,12,,,26,den,2016
Lg Rank Defense,,,5,,,7,,,10,den,2016
Team Stats,241,94,39.0,20,7,35.0,48,19,39.6,den,2017
Opp. Stats,209,66,31.6,21,7,33.3,41,24,58.5,den,2017
Lg Rank Offense,,,15,,,25,,,32,den,2017
Lg Rank Defense,,,2,,,8,,,23,den,2017
Team Stats,207,69,33.3%,25,15,60.0%,44,25,56.8%,den,2018
Opp. Stats,211,82,38.9%,11,6,54.5%,43,25,58.1%,den,2018
Lg Rank Offense,,,28,,,11,,,19,den,2018
Lg Rank Defense,,,17,,,14,,,15,den,2018
Team Stats,202,64,31.7%,16,11,68.8%,42,20,47.6%,den,2019
Opp. Stats,211,79,37.4%,19,9,47.4%,46,18,39.1%,den,2019
Lg Rank Offense,,,30,,,2,,,28,den,2019
Lg Rank Defense,,,13,,,16,,,1,den,2019
Team Stats,212,82,38.7%,15,4,26.7%,45,24,53.3%,den,2020
Opp. Stats,219,88,40.2%,14,7,50.0%,61,29,47.5%,den,2020
Lg Rank Offense,,,26,,,32,,,27,den,2020
Lg Rank Defense,,,15,,,12,,,1,den,2020
Team Stats,213,82,38.5%,28,16,57.1%,53,29,54.7%,den,2021
Opp. Stats,225,101,44.9%,26,11,42.3%,43,21,48.8%,den,2021
Lg Rank Offense,,,21,,,13,,,22,den,2021
Lg Rank Defense,,,28,,,4,,,3,den,2021
Team Stats,230,67,29.1%,24,12,50.0%,36,20,55.6%,den,2022
Opp. Stats,220,75,34.1%,14,9,64.3%,47,24,51.1%,den,2022
Lg Rank Offense,,,32,,,17,,,14,den,2022
Lg Rank Defense,,,2,,,29,,,7,den,2022
Team Stats,220,81,36.8%,20,13,65.0%,58,30,51.7%,den,2023
Opp. Stats,202,67,33.2%,34,16,47.1%,59,34,57.6%,den,2023
Lg Rank Offense,,,21,,,3,,,19,den,2023
Lg Rank Defense,,,2,,,12,,,22,den,2023
Team Stats,230,91,39.6%,22,15,68.2%,56,35,62.5%,den,2024
Opp. Stats,236,88,37.3%,30,16,53.3%,49,23,46.9%,den,2024
Lg Rank Offense,,,13,,,5,,,7,den,2024
Lg Rank Defense,,,11,,,14,,,3,den,2024
Team Stats,233,96,41.2,20,10,50.0,57,33,57.9,den,2025
Opp. Stats,237,80,33.8,27,14,51.9,47,20,42.6,den,2025
Lg Rank Offense,,,11,,,22,,,13,den,2025
Lg Rank Defense,,,2,,,11,,,1,den,2025
Team Stats,242,97,40.1%,16,10,62.5%,45,29,64.4%,det,2010
Opp. Stats,198,77,38.9%,12,5,41.7%,46,27,58.7%,det,2010
Lg Rank Offense,,,11,,,7,,,2,det,2010
Lg Rank Defense,,,20,,,8,,,24,det,2010
Team Stats,212,76,35.8%,14,8,57.1%,58,37,63.8%,det,2011
Opp. Stats,205,67,32.7%,19,8,42.1%,53,26,49.1%,det,2011
Lg Rank Offense,,,20,,,6,,,4,det,2011
Lg Rank Defense,,,3,,,15,,,12,det,2011
Team Stats,228,97,42.5%,15,6,40.0%,55,33,60.0%,det,2012
Opp. Stats,208,76,36.5%,6,5,83.3%,39,20,51.3%,det,2012
Lg Rank Offense,,,8,,,25,,,5,det,2012
Lg Rank Defense,,,10,,,32,,,12,det,2012
Team Stats,221,95,43.0%,14,5,35.7%,56,35,62.5%,det,2013
Opp. Stats,211,64,30.3%,12,9,75.0%,42,16,38.1%,det,2013
Lg Rank Offense,,,6,,,25,,,4,det,2013
Lg Rank Defense,,,1,,,30,,,2,det,2013
Team Stats,223,86,38.6%,20,10,50.0%,47,25,53.2%,det,2014
Opp. Stats,207,77,37.2%,15,6,40.0%,49,26,53.1%,det,2014
Lg Rank Offense,,,23,,,11,,,17,det,2014
Lg Rank Defense,,,9,,,11,,,17,det,2014
Team Stats,203,75,36.9%,14,7,50.0%,49,34,69.4%,det,2015
Opp. Stats,200,82,41.0%,8,5,62.5%,59,37,62.7%,det,2015
Lg Rank Offense,,,24,,,15,,,1,det,2015
Lg Rank Defense,,,24,,,26,,,29,det,2015
Team Stats,195,83,42.6%,10,7,70.0%,48,26,54.2%,det,2016
Opp. Stats,198,90,45.5%,8,3,37.5%,53,36,67.9%,det,2016
Lg Rank Offense,,,8,,,6,,,17,det,2016
Lg Rank Defense,,,31,,,7,,,30,det,2016
Team Stats,209,81,38.8,9,1,11.1,46,26,56.5,det,2017
Opp. Stats,194,74,38.1,15,8,53.3,55,34,61.8,det,2017
Lg Rank Offense,,,17,,,32,,,11,det,2017
Lg Rank Defense,,,16,,,22,,,29,det,2017
Team Stats,208,75,36.1%,18,11,61.1%,49,26,53.1%,det,2018
Opp. Stats,186,69,37.1%,17,9,52.9%,47,27,57.4%,det,2018
Lg Rank Offense,,,25,,,9,,,24,det,2018
Lg Rank Defense,,,11,,,12,,,13,det,2018
Team Stats,220,90,40.9%,13,5,38.5%,42,25,59.5%,det,2019
Opp. Stats,214,94,43.9%,15,7,46.7%,57,33,57.9%,det,2019
Lg Rank Offense,,,14,,,25,,,12,det,2019
Lg Rank Defense,,,28,,,15,,,18,det,2019
Team Stats,192,79,41.1%,20,10,50.0%,53,35,66.0%,det,2020
Opp. Stats,193,91,47.2%,18,11,61.1%,65,47,72.3%,det,2020
Lg Rank Offense,,,15,,,24,,,9,det,2020
Lg Rank Defense,,,28,,,22,,,31,det,2020
Team Stats,213,74,34.7%,41,21,51.2%,45,21,46.7%,det,2021
Opp. Stats,204,92,45.1%,14,9,64.3%,60,42,70.0%,det,2021
Lg Rank Offense,,,31,,,19,,,31,det,2021
Lg Rank Defense,,,29,,,29,,,31,det,2021
Team Stats,211,86,40.8%,37,20,54.1%,68,45,66.2%,det,2022
Opp. Stats,204,92,45.1%,27,15,55.6%,58,37,63.8%,det,2022
Lg Rank Offense,,,14,,,11,,,4,det,2022
Lg Rank Defense,,,30,,,20,,,27,det,2022
Team Stats,224,93,41.5%,40,21,52.5%,64,41,64.1%,det,2023
Opp. Stats,202,75,37.1%,26,15,57.7%,53,35,66.0%,det,2023
Lg Rank Offense,,,11,,,15,,,3,det,2023
Lg Rank Defense,,,12,,,27,,,29,det,2023
Team Stats,206,98,47.6%,33,22,66.7%,72,50,69.4%,det,2024
Opp. Stats,185,60,32.4%,29,12,41.4%,55,28,50.9%,det,2024
Lg Rank Offense,,,4,,,7,,,3,det,2024
Lg Rank Defense,,,1,,,2,,,7,det,2024
Team Stats,214,83,38.8,31,18,58.1,64,40,62.5,det,2025
Opp. Stats,214,79,36.9,32,21,65.6,52,31,59.6,det,2025
Lg Rank Offense,,,20,,,15,,,8,det,2025
Lg Rank Defense,,,9,,,25,,,21,det,2025
Team Stats,205,85,41.5%,13,5,38.5%,53,32,60.4%,gnb,2010
Opp. Stats,213,77,36.2%,20,6,30.0%,31,15,48.4%,gnb,2010
Lg Rank Offense,,,8,,,25,,,6,gnb,2010
Lg Rank Defense,,,9,,,4,,,12,gnb,2010
Team Stats,189,91,48.1%,8,4,50.0%,66,43,65.2%,gnb,2011
Opp. Stats,195,83,42.6%,16,4,25.0%,56,31,55.4%,gnb,2011
Lg Rank Offense,,,3,,,10,,,3,gnb,2011
Lg Rank Defense,,,26,,,3,,,20,gnb,2011
Team Stats,213,90,42.3%,13,7,53.8%,47,32,68.1%,gnb,2012
Opp. Stats,218,83,38.1%,23,9,39.1%,47,29,61.7%,gnb,2012
Lg Rank Offense,,,9,,,16,,,3,gnb,2012
Lg Rank Defense,,,15,,,6,,,29,gnb,2012
Team Stats,216,89,41.2%,13,9,69.2%,65,33,50.8%,gnb,2013
Opp. Stats,204,78,38.2%,17,10,58.8%,57,35,61.4%,gnb,2013
Lg Rank Offense,,,9,,,4,,,26,gnb,2013
Lg Rank Defense,,,17,,,25,,,24,gnb,2013
Team Stats,197,93,47.2%,10,4,40.0%,64,37,57.8%,gnb,2014
Opp. Stats,206,83,40.3%,28,15,53.6%,48,27,56.3%,gnb,2014
Lg Rank Offense,,,3,,,22,,,10,gnb,2014
Lg Rank Defense,,,18,,,23,,,20,gnb,2014
Team Stats,208,70,33.7%,21,11,52.4%,52,28,53.8%,gnb,2015
Opp. Stats,220,79,35.9%,21,10,47.6%,49,28,57.1%,gnb,2015
Lg Rank Offense,,,28,,,14,,,18,gnb,2015
Lg Rank Defense,,,9,,,14,,,16,gnb,2015
Team Stats,210,98,46.7%,17,7,41.2%,66,40,60.6%,gnb,2016
Opp. Stats,199,82,41.2%,18,12,66.7%,45,28,62.2%,gnb,2016
Lg Rank Offense,,,2,,,26,,,10,gnb,2016
Lg Rank Defense,,,24,,,24,,,28,gnb,2016
Team Stats,211,83,39.3,28,15,53.6,42,26,61.9,gnb,2017
Opp. Stats,208,89,42.8,10,8,80.0,46,30,65.2,gnb,2017
Lg Rank Offense,,,13,,,9,,,3,gnb,2017
Lg Rank Defense,,,28,,,31,,,31,gnb,2017
Team Stats,204,75,36.8%,20,10,50.0%,47,29,61.7%,gnb,2018
Opp. Stats,212,79,37.3%,18,12,66.7%,56,34,60.7%,gnb,2018
Lg Rank Offense,,,23,,,20,,,13,gnb,2018
Lg Rank Defense,,,13,,,28,,,20,gnb,2018
Team Stats,203,73,36.0%,14,7,50.0%,50,32,64.0%,gnb,2019
Opp. Stats,197,75,38.1%,18,8,44.4%,48,24,50.0%,gnb,2019
Lg Rank Offense,,,23,,,13,,,8,gnb,2019
Lg Rank Defense,,,15,,,12,,,6,gnb,2019
Team Stats,180,89,49.4%,21,13,61.9%,60,48,80.0%,gnb,2020
Opp. Stats,185,73,39.5%,24,14,58.3%,52,30,57.7%,gnb,2020
Lg Rank Offense,,,2,,,10,,,1,gnb,2020
Lg Rank Defense,,,10,,,19,,,8,gnb,2020
Team Stats,202,88,43.6%,22,13,59.1%,70,41,58.6%,gnb,2021
Opp. Stats,203,87,42.9%,33,15,45.5%,49,33,67.3%,gnb,2021
Lg Rank Offense,,,9,,,9,,,19,gnb,2021
Lg Rank Defense,,,23,,,7,,,30,gnb,2021
Team Stats,200,79,39.5%,31,12,38.7%,54,28,51.9%,gnb,2022
Opp. Stats,194,73,37.6%,19,11,57.9%,54,29,53.7%,gnb,2022
Lg Rank Offense,,,17,,,28,,,24,gnb,2022
Lg Rank Defense,,,8,,,23,,,13,gnb,2022
Team Stats,223,105,47.1%,24,12,50.0%,64,33,51.6%,gnb,2023
Opp. Stats,224,92,41.1%,30,14,46.7%,57,29,50.9%,gnb,2023
Lg Rank Offense,,,5,,,16,,,20,gnb,2023
Lg Rank Defense,,,25,,,8,,,10,gnb,2023
Team Stats,190,75,39.5%,16,8,50.0%,69,41,59.4%,gnb,2024
Opp. Stats,208,78,37.5%,30,18,60.0%,50,30,60.0%,gnb,2024
Lg Rank Offense,,,15,,,23,,,10,gnb,2024
Lg Rank Defense,,,12,,,20,,,20,gnb,2024
Team Stats,205,100,48.8,25,14,56.0,59,34,57.6,gnb,2025
Opp. Stats,218,86,39.4,36,20,55.6,52,31,59.6,gnb,2025
Lg Rank Offense,,,2,,,18,,,14,gnb,2025
Lg Rank Defense,,,14,,,18,,,21,gnb,2025
Team Stats,192,79,41.1%,19,9,47.4%,53,33,62.3%,htx,2010
Opp. Stats,195,77,39.5%,13,11,84.6%,59,40,67.8%,htx,2010
Lg Rank Offense,,,9,,,15,,,5,htx,2010
Lg Rank Defense,,,23,,,32,,,30,htx,2010
Team Stats,224,93,41.5%,11,3,27.3%,60,28,46.7%,htx,2011
Opp. Stats,212,76,35.8%,13,6,46.2%,44,21,47.7%,htx,2011
Lg Rank Offense,,,8,,,30,,,25,htx,2011
Lg Rank Defense,,,14,,,20,,,9,htx,2011
Team Stats,221,83,37.6%,7,4,57.1%,57,32,56.1%,htx,2012
Opp. Stats,215,71,33.0%,16,5,31.3%,40,20,50.0%,htx,2012
Lg Rank Offense,,,17,,,12,,,12,htx,2012
Lg Rank Defense,,,3,,,3,,,7,htx,2012
Team Stats,231,83,35.9%,17,6,35.3%,40,20,50.0%,htx,2013
Opp. Stats,217,75,34.6%,8,3,37.5%,48,32,66.7%,htx,2013
Lg Rank Offense,,,21,,,26,,,27,htx,2013
Lg Rank Defense,,,8,,,9,,,32,htx,2013
Team Stats,235,91,38.7%,17,10,58.8%,48,26,54.2%,htx,2014
Opp. Stats,218,74,33.9%,17,6,35.3%,46,22,47.8%,htx,2014
Lg Rank Offense,,,22,,,5,,,13,htx,2014
Lg Rank Defense,,,3,,,7,,,6,htx,2014
Team Stats,249,96,38.6%,19,6,31.6%,45,26,57.8%,htx,2015
Opp. Stats,214,61,28.5%,12,7,58.3%,39,22,56.4%,htx,2015
Lg Rank Offense,,,18,,,31,,,13,htx,2015
Lg Rank Defense,,,1,,,25,,,15,htx,2015
Team Stats,233,87,37.3%,23,9,39.1%,44,18,40.9%,htx,2016
Opp. Stats,213,82,38.5%,13,3,23.1%,44,23,52.3%,htx,2016
Lg Rank Offense,,,22,,,28,,,31,htx,2016
Lg Rank Defense,,,11,,,3,,,8,htx,2016
Team Stats,209,76,36.4,10,5,50.0,42,22,52.4,htx,2017
Opp. Stats,201,71,35.3,8,5,62.5,54,33,61.1,htx,2017
Lg Rank Offense,,,22,,,12,,,20,htx,2017
Lg Rank Defense,,,5,,,27,,,27,htx,2017
Team Stats,208,77,37.0%,12,8,66.7%,60,30,50.0%,htx,2018
Opp. Stats,227,91,40.1%,20,12,60.0%,41,29,70.7%,htx,2018
Lg Rank Offense,,,20,,,6,,,27,htx,2018
Lg Rank Defense,,,20,,,22,,,29,htx,2018
Team Stats,193,84,43.5%,25,13,52.0%,53,34,64.2%,htx,2019
Opp. Stats,202,98,48.5%,16,7,43.8%,49,35,71.4%,htx,2019
Lg Rank Offense,,,8,,,12,,,7,htx,2019
Lg Rank Defense,,,31,,,10,,,32,htx,2019
Team Stats,193,83,43.0%,16,9,56.3%,50,27,54.0%,htx,2020
Opp. Stats,202,96,47.5%,21,11,52.4%,63,40,63.5%,htx,2020
Lg Rank Offense,,,13,,,18,,,25,htx,2020
Lg Rank Defense,,,29,,,13,,,22,htx,2020
Team Stats,239,95,39.7%,21,9,42.9%,37,19,51.4%,htx,2021
Opp. Stats,206,89,43.2%,19,11,57.9%,66,41,62.1%,htx,2021
Lg Rank Offense,,,15,,,27,,,27,htx,2021
Lg Rank Defense,,,26,,,20,,,22,htx,2021
Team Stats,221,67,30.3%,26,13,50.0%,48,23,47.9%,htx,2022
Opp. Stats,221,86,38.9%,21,13,61.9%,55,31,56.4%,htx,2022
Lg Rank Offense,,,31,,,17,,,26,htx,2022
Lg Rank Defense,,,15,,,26,,,19,htx,2022
Team Stats,232,88,37.9%,21,8,38.1%,53,29,54.7%,htx,2023
Opp. Stats,227,81,35.7%,29,16,55.2%,54,28,51.9%,htx,2023
Lg Rank Offense,,,19,,,30,,,16,htx,2023
Lg Rank Defense,,,5,,,24,,,12,htx,2023
Team Stats,231,87,37.7%,18,11,61.1%,57,28,49.1%,htx,2024
Opp. Stats,220,79,35.9%,26,17,65.4%,44,28,63.6%,htx,2024
Lg Rank Offense,,,20,,,11,,,26,htx,2024
Lg Rank Defense,,,7,,,25,,,27,htx,2024
Team Stats,231,86,37.2,19,11,57.9,54,25,46.3,htx,2025
Opp. Stats,221,80,36.2,21,10,47.6,44,25,56.8,htx,2025
Lg Rank Offense,,,23,,,16,,,30,htx,2025
Lg Rank Defense,,,6,,,7,,,16,htx,2025
Team Stats,203,81,39.9%,25,16,64.0%,46,29,63.0%,jax,2010
Opp. Stats,189,78,41.3%,18,8,44.4%,57,31,54.4%,jax,2010
Lg Rank Offense,,,13,,,6,,,3,jax,2010
Lg Rank Defense,,,27,,,12,,,21,jax,2010
Team Stats,241,81,33.6%,17,6,35.3%,35,17,48.6%,jax,2011
Opp. Stats,218,79,36.2%,9,4,44.4%,43,24,55.8%,jax,2011
Lg Rank Offense,,,25,,,24,,,21,jax,2011
Lg Rank Defense,,,15,,,19,,,23,jax,2011
Team Stats,216,64,29.6%,26,8,30.8%,36,16,44.4%,jax,2012
Opp. Stats,215,89,41.4%,9,4,44.4%,66,35,53.0%,jax,2012
Lg Rank Offense,,,31,,,30,,,27,jax,2012
Lg Rank Defense,,,28,,,13,,,15,jax,2012
Team Stats,225,70,31.1%,30,13,43.3%,41,18,43.9%,jax,2013
Opp. Stats,226,96,42.5%,12,9,75.0%,65,39,60.0%,jax,2013
Lg Rank Offense,,,32,,,20,,,32,jax,2013
Lg Rank Defense,,,27,,,30,,,23,jax,2013
Team Stats,216,69,31.9%,19,7,36.8%,32,13,40.6%,jax,2014
Opp. Stats,236,101,42.8%,10,4,40.0%,56,27,48.2%,jax,2014
Lg Rank Offense,,,29,,,25,,,31,jax,2014
Lg Rank Defense,,,23,,,11,,,8,jax,2014
Team Stats,205,72,35.1%,15,8,53.3%,54,29,53.7%,jax,2015
Opp. Stats,227,105,46.3%,12,6,50.0%,57,35,61.4%,jax,2015
Lg Rank Offense,,,26,,,12,,,19,jax,2015
Lg Rank Defense,,,31,,,16,,,25,jax,2015
Team Stats,221,78,35.3%,16,7,43.8%,40,24,60.0%,jax,2016
Opp. Stats,224,83,37.1%,13,6,46.2%,55,30,54.5%,jax,2016
Lg Rank Offense,,,29,,,23,,,11,jax,2016
Lg Rank Defense,,,8,,,13,,,15,jax,2016
Team Stats,227,85,37.4,13,10,76.9,50,32,64.0,jax,2017
Opp. Stats,220,74,33.6,13,6,46.2,28,11,39.3,jax,2017
Lg Rank Offense,,,20,,,2,,,2,jax,2017
Lg Rank Defense,,,4,,,16,,,2,jax,2017
Team Stats,230,93,40.4%,17,8,47.1%,34,15,44.1%,jax,2018
Opp. Stats,212,80,37.7%,12,3,25.0%,47,24,51.1%,jax,2018
Lg Rank Offense,,,14,,,25,,,31,jax,2018
Lg Rank Defense,,,14,,,1,,,8,jax,2018
Team Stats,220,76,34.5%,25,12,48.0%,47,19,40.4%,jax,2019
Opp. Stats,190,79,41.6%,11,5,45.5%,56,32,57.1%,jax,2019
Lg Rank Offense,,,26,,,17,,,31,jax,2019
Lg Rank Defense,,,23,,,13,,,16,jax,2019
Team Stats,207,84,40.6%,26,7,26.9%,45,27,60.0%,jax,2020
Opp. Stats,198,86,43.4%,18,12,66.7%,63,40,63.5%,jax,2020
Lg Rank Offense,,,18,,,31,,,16,jax,2020
Lg Rank Defense,,,21,,,27,,,22,jax,2020
Team Stats,212,76,35.8%,31,18,58.1%,39,20,51.3%,jax,2021
Opp. Stats,221,95,43.0%,21,14,66.7%,61,38,62.3%,jax,2021
Lg Rank Offense,,,28,,,12,,,28,jax,2021
Lg Rank Defense,,,25,,,31,,,23,jax,2021
Team Stats,215,90,41.9%,27,14,51.9%,58,31,53.4%,jax,2022
Opp. Stats,220,95,43.2%,31,10,32.3%,52,31,59.6%,jax,2022
Lg Rank Offense,,,9,,,15,,,19,jax,2022
Lg Rank Defense,,,29,,,1,,,24,jax,2022
Team Stats,228,87,38.2%,29,13,44.8%,52,26,50.0%,jax,2023
Opp. Stats,230,84,36.5%,41,21,51.2%,52,29,55.8%,jax,2023
Lg Rank Offense,,,17,,,26,,,21,jax,2023
Lg Rank Defense,,,8,,,17,,,17,jax,2023
Team Stats,204,76,37.3%,26,14,53.8%,50,29,58.0%,jax,2024
Opp. Stats,225,97,43.1%,24,14,58.3%,59,35,59.3%,jax,2024
Lg Rank Offense,,,22,,,19,,,12,jax,2024
Lg Rank Defense,,,25,,,17,,,19,jax,2024
Team Stats,217,85,39.2,29,17,58.6,68,42,61.8,jax,2025
Opp. Stats,218,88,40.4,31,11,35.5,47,28,59.6,jax,2025
Lg Rank Offense,,,19,,,13,,,10,jax,2025
Lg Rank Defense,,,20,,,3,,,19,jax,2025
Team Stats,226,83,36.7%,23,10,43.5%,52,31,59.6%,kan,2010
Opp. Stats,223,84,37.7%,20,7,35.0%,37,26,70.3%,kan,2010
Lg Rank Offense,,,20,,,19,,,8,kan,2010
Lg Rank Defense,,,13,,,5,,,31,kan,2010
Team Stats,225,81,36.0%,17,7,41.2%,36,12,33.3%,kan,2011
Opp. Stats,210,72,34.3%,16,7,43.8%,51,28,54.9%,kan,2011
Lg Rank Offense,,,19,,,14,,,32,kan,2011
Lg Rank Defense,,,8,,,18,,,18,kan,2011
Team Stats,212,70,33.0%,15,7,46.7%,37,10,27.0%,kan,2012
Opp. Stats,202,79,39.1%,4,3,75.0%,64,34,53.1%,kan,2012
Lg Rank Offense,,,28,,,19,,,32,kan,2012
Lg Rank Defense,,,19,,,30,,,16,kan,2012
Team Stats,213,74,34.7%,11,4,36.4%,57,33,57.9%,kan,2013
Opp. Stats,229,78,34.1%,18,9,50.0%,37,19,51.4%,kan,2013
Lg Rank Offense,,,27,,,23,,,8,kan,2013
Lg Rank Defense,,,5,,,18,,,10,kan,2013
Team Stats,201,80,39.8%,12,5,41.7%,48,28,58.3%,kan,2014
Opp. Stats,216,79,36.6%,21,8,38.1%,54,21,38.9%,kan,2014
Lg Rank Offense,,,19,,,21,,,8,kan,2014
Lg Rank Defense,,,6,,,9,,,1,kan,2014
Team Stats,199,76,38.2%,9,6,66.7%,54,31,57.4%,kan,2015
Opp. Stats,217,72,33.2%,27,13,48.1%,40,24,60.0%,kan,2015
Lg Rank Offense,,,19,,,2,,,14,kan,2015
Lg Rank Defense,,,2,,,15,,,21,kan,2015
Team Stats,213,81,38.0%,14,10,71.4%,55,25,45.5%,kan,2016
Opp. Stats,222,96,43.2%,20,10,50.0%,53,26,49.1%,kan,2016
Lg Rank Offense,,,18,,,5,,,30,kan,2016
Lg Rank Defense,,,27,,,16,,,5,kan,2016
Team Stats,199,78,39.2,10,3,30.0,50,21,42.0,kan,2017
Opp. Stats,207,83,40.1,17,9,52.9,51,28,54.9,kan,2017
Lg Rank Offense,,,14,,,28,,,29,kan,2017
Lg Rank Defense,,,23,,,21,,,19,kan,2017
Team Stats,176,83,47.2%,15,12,80.0%,71,51,71.8%,kan,2018
Opp. Stats,193,80,41.5%,27,18,66.7%,58,42,72.4%,kan,2018
Lg Rank Offense,,,2,,,3,,,2,kan,2018
Lg Rank Defense,,,25,,,28,,,31,kan,2018
Team Stats,187,89,47.6%,10,6,60.0%,50,27,54.0%,kan,2019
Opp. Stats,202,75,37.1%,31,16,51.6%,57,29,50.9%,kan,2019
Lg Rank Offense,,,1,,,5,,,20,kan,2019
Lg Rank Defense,,,12,,,20,,,9,kan,2019
Team Stats,194,95,49.0%,16,9,56.3%,59,36,61.0%,kan,2020
Opp. Stats,188,77,41.0%,20,13,65.0%,47,36,76.6%,kan,2020
Lg Rank Offense,,,3,,,18,,,14,kan,2020
Lg Rank Defense,,,17,,,25,,,32,kan,2020
Team Stats,205,107,52.2%,15,10,66.7%,69,41,59.4%,kan,2021
Opp. Stats,199,80,40.2%,31,19,61.3%,56,32,57.1%,kan,2021
Lg Rank Offense,,,1,,,1,,,17,kan,2021
Lg Rank Defense,,,18,,,25,,,16,kan,2021
Team Stats,193,94,48.7%,12,9,75.0%,72,50,69.4%,kan,2022
Opp. Stats,222,85,38.3%,35,20,57.1%,55,37,67.3%,kan,2022
Lg Rank Offense,,,2,,,2,,,2,kan,2022
Lg Rank Defense,,,13,,,21,,,31,kan,2022
Team Stats,220,96,43.6%,20,10,50.0%,61,33,54.1%,kan,2023
Opp. Stats,224,83,37.1%,28,13,46.4%,50,25,50.0%,kan,2023
Lg Rank Offense,,,6,,,16,,,17,kan,2023
Lg Rank Defense,,,10,,,7,,,8,kan,2023
Team Stats,229,111,48.5%,17,12,70.6%,65,35,53.8%,kan,2024
Opp. Stats,215,93,43.3%,23,12,52.2%,54,28,51.9%,kan,2024
Lg Rank Offense,,,2,,,3,,,22,kan,2024
Lg Rank Defense,,,26,,,9,,,8,kan,2024
Team Stats,219,82,37.4,32,24,75.0,59,34,57.6,kan,2025
Opp. Stats,225,98,43.6,23,6,26.1,51,27,52.9,kan,2025
Lg Rank Offense,,,22,,,1,,,14,kan,2025
Lg Rank Defense,,,29,,,1,,,8,kan,2025
Team Stats,230,92,40.0%,10,3,30.0%,34,18,52.9%,mia,2010
Opp. Stats,226,84,37.2%,22,8,36.4%,45,18,40.0%,mia,2010
Lg Rank Offense,,,12,,,30,,,15,mia,2010
Lg Rank Defense,,,11,,,6,,,2,mia,2010
Team Stats,207,69,33.3%,16,6,37.5%,53,25,47.2%,mia,2011
Opp. Stats,219,74,33.8%,14,7,50.0%,52,23,44.2%,mia,2011
Lg Rank Offense,,,26,,,19,,,24,mia,2011
Lg Rank Defense,,,7,,,22,,,6,mia,2011
Team Stats,207,78,37.7%,15,5,33.3%,38,21,55.3%,mia,2012
Opp. Stats,238,87,36.6%,17,12,70.6%,54,23,42.6%,mia,2012
Lg Rank Offense,,,16,,,27,,,13,mia,2012
Lg Rank Defense,,,11,,,28,,,1,mia,2012
Team Stats,217,76,35.0%,12,3,25.0%,46,26,56.5%,mia,2013
Opp. Stats,238,91,38.2%,15,8,53.3%,56,26,46.4%,mia,2013
Lg Rank Offense,,,23,,,31,,,10,mia,2013
Lg Rank Defense,,,17,,,21,,,5,mia,2013
Team Stats,200,80,40.0%,19,7,36.8%,68,35,51.5%,mia,2014
Opp. Stats,223,98,43.9%,22,13,59.1%,55,29,52.7%,mia,2014
Lg Rank Offense,,,17,,,25,,,21,mia,2014
Lg Rank Defense,,,29,,,28,,,16,mia,2014
Team Stats,205,63,30.7%,22,8,36.4%,43,23,53.5%,mia,2015
Opp. Stats,221,96,43.4%,12,4,33.3%,50,30,60.0%,mia,2015
Lg Rank Offense,,,30,,,28,,,20,mia,2015
Lg Rank Defense,,,28,,,5,,,21,mia,2015
Team Stats,188,69,36.7%,4,0,0.0%,47,26,55.3%,mia,2016
Opp. Stats,213,77,36.2%,16,9,56.3%,51,29,56.9%,mia,2016
Lg Rank Offense,,,25,,,32,,,15,mia,2016
Lg Rank Defense,,,4,,,20,,,21,mia,2016
Team Stats,202,64,31.7,24,7,29.2,38,20,52.6,mia,2017
Opp. Stats,203,75,36.9,8,2,25.0,51,32,62.7,mia,2017
Lg Rank Offense,,,32,,,29,,,18,mia,2017
Lg Rank Defense,,,11,,,3,,,30,mia,2017
Team Stats,186,56,30.1%,13,8,61.5%,31,16,51.6%,mia,2018
Opp. Stats,196,84,42.9%,15,6,40.0%,61,37,60.7%,mia,2018
Lg Rank Offense,,,31,,,8,,,26,mia,2018
Lg Rank Defense,,,28,,,4,,,19,mia,2018
Team Stats,207,71,34.3%,28,13,46.4%,48,27,56.3%,mia,2019
Opp. Stats,194,81,41.8%,13,8,61.5%,59,37,62.7%,mia,2019
Lg Rank Offense,,,28,,,18,,,18,mia,2019
Lg Rank Defense,,,24,,,28,,,27,mia,2019
Team Stats,202,78,38.6%,10,8,80.0%,60,35,58.3%,mia,2020
Opp. Stats,186,58,31.2%,26,12,46.2%,47,27,57.4%,mia,2020
Lg Rank Offense,,,27,,,1,,,17,mia,2020
Lg Rank Defense,,,1,,,10,,,7,mia,2020
Team Stats,233,95,40.8%,22,12,54.5%,49,30,61.2%,mia,2021
Opp. Stats,231,95,41.1%,18,11,61.1%,57,30,52.6%,mia,2021
Lg Rank Offense,,,13,,,15,,,13,mia,2021
Lg Rank Defense,,,20,,,23,,,11,mia,2021
Team Stats,196,71,36.2%,24,13,54.2%,50,30,60.0%,mia,2022
Opp. Stats,233,97,41.6%,31,15,48.4%,59,35,59.3%,mia,2022
Lg Rank Offense,,,24,,,9,,,10,mia,2022
Lg Rank Defense,,,24,,,15,,,23,mia,2022
Team Stats,202,85,42.1%,25,11,44.0%,58,38,65.5%,mia,2023
Opp. Stats,216,84,38.9%,30,14,46.7%,54,35,64.8%,mia,2023
Lg Rank Offense,,,7,,,28,,,2,mia,2023
Lg Rank Defense,,,20,,,8,,,28,mia,2023
Team Stats,212,77,36.3%,31,15,48.4%,53,30,56.6%,mia,2024
Opp. Stats,209,75,35.9%,20,10,50.0%,55,27,49.1%,mia,2024
Lg Rank Offense,,,25,,,25,,,16,mia,2024
Lg Rank Defense,,,6,,,6,,,4,mia,2024
Team Stats,192,67,34.9,23,11,47.8,48,27,56.3,mia,2025
Opp. Stats,208,83,39.9,28,20,71.4,62,37,59.7,mia,2025
Lg Rank Offense,,,27,,,24,,,20,mia,2025
Lg Rank Defense,,,17,,,28,,,23,mia,2025
Team Stats,205,71,34.6%,17,8,47.1%,46,20,43.5%,min,2010
Opp. Stats,213,87,40.8%,10,5,50.0%,46,26,56.5%,min,2010
Lg Rank Offense,,,24,,,16,,,27,min,2010
Lg Rank Defense,,,26,,,17,,,23,min,2010
Team Stats,216,83,38.4%,18,7,38.9%,53,30,56.6%,min,2011
Opp. Stats,208,92,44.2%,9,5,55.6%,56,29,51.8%,min,2011
Lg Rank Offense,,,13,,,17,,,9,min,2011
Lg Rank Defense,,,30,,,26,,,14,min,2011
Team Stats,210,78,37.1%,11,7,63.6%,52,28,53.8%,min,2012
Opp. Stats,230,95,41.3%,20,11,55.0%,51,31,60.8%,min,2012
Lg Rank Offense,,,19,,,7,,,18,min,2012
Lg Rank Defense,,,27,,,22,,,27,min,2012
Team Stats,214,78,36.4%,19,10,52.6%,48,25,52.1%,min,2013
Opp. Stats,231,102,44.2%,18,11,61.1%,63,39,61.9%,min,2013
Lg Rank Offense,,,19,,,14,,,19,min,2013
Lg Rank Defense,,,30,,,26,,,26,min,2013
Team Stats,211,82,38.9%,12,6,50.0%,39,21,53.8%,min,2014
Opp. Stats,217,90,41.5%,14,9,64.3%,48,26,54.2%,min,2014
Lg Rank Offense,,,21,,,11,,,15,min,2014
Lg Rank Defense,,,20,,,31,,,19,min,2014
Team Stats,199,76,38.2%,11,5,45.5%,44,22,50.0%,min,2015
Opp. Stats,206,71,34.5%,22,11,50.0%,43,19,44.2%,min,2015
Lg Rank Offense,,,19,,,22,,,24,min,2015
Lg Rank Defense,,,5,,,16,,,4,min,2015
Team Stats,213,81,38.0%,18,8,44.4%,50,23,46.0%,min,2016
Opp. Stats,206,80,38.8%,14,3,21.4%,44,24,54.5%,min,2016
Lg Rank Offense,,,18,,,20,,,28,min,2016
Lg Rank Defense,,,14,,,2,,,15,min,2016
Team Stats,216,94,43.5,7,1,14.3,57,33,57.9,min,2017
Opp. Stats,202,51,25.2,23,9,39.1,40,16,40.0,min,2017
Lg Rank Offense,,,3,,,30,,,9,min,2017
Lg Rank Defense,,,1,,,12,,,3,min,2017
Team Stats,204,73,35.8%,21,9,42.9%,50,27,54.0%,min,2018
Opp. Stats,190,58,30.5%,19,9,47.4%,49,22,44.9%,min,2018
Lg Rank Offense,,,26,,,28,,,21,min,2018
Lg Rank Defense,,,1,,,8,,,3,min,2018
Team Stats,194,83,42.8%,15,8,53.3%,56,34,60.7%,min,2019
Opp. Stats,214,85,39.7%,29,16,55.2%,48,21,43.8%,min,2019
Lg Rank Offense,,,9,,,10,,,10,min,2019
Lg Rank Defense,,,19,,,21,,,2,min,2019
Team Stats,181,74,40.9%,23,13,56.5%,59,42,71.2%,min,2020
Opp. Stats,185,73,39.5%,24,17,70.8%,58,34,58.6%,min,2020
Lg Rank Offense,,,16,,,17,,,6,min,2020
Lg Rank Defense,,,10,,,30,,,11,min,2020
Team Stats,228,83,36.4%,22,12,54.5%,53,33,62.3%,min,2021
Opp. Stats,214,78,36.4%,30,15,50.0%,59,33,55.9%,min,2021
Lg Rank Offense,,,26,,,15,,,9,min,2021
Lg Rank Defense,,,4,,,12,,,14,min,2021
Team Stats,226,93,41.2%,19,9,47.4%,64,40,62.5%,min,2022
Opp. Stats,215,82,38.1%,29,11,37.9%,49,28,57.1%,min,2022
Lg Rank Offense,,,12,,,22,,,8,min,2022
Lg Rank Defense,,,12,,,3,,,21,min,2022
Team Stats,223,85,38.1%,29,17,58.6%,51,24,47.1%,min,2023
Opp. Stats,232,96,41.4%,25,18,72.0%,50,27,54.0%,min,2023
Lg Rank Offense,,,18,,,6,,,28,min,2023
Lg Rank Defense,,,26,,,32,,,14,min,2023
Team Stats,200,80,40.0%,13,6,46.2%,61,34,55.7%,min,2024
Opp. Stats,219,78,35.6%,35,13,37.1%,49,29,59.2%,min,2024
Lg Rank Offense,,,12,,,27,,,19,min,2024
Lg Rank Defense,,,4,,,1,,,18,min,2024
Team Stats,195,62,31.8,24,15,62.5,51,29,56.9,min,2025
Opp. Stats,223,77,34.5,24,16,66.7,49,21,42.9,min,2025
Lg Rank Offense,,,32,,,8,,,19,min,2025
Lg Rank Defense,,,4,,,26,,,2,min,2025
Team Stats,217,106,48.8%,11,5,45.5%,61,31,50.8%,nor,2010
Opp. Stats,203,70,34.5%,23,15,65.2%,45,20,44.4%,nor,2010
Lg Rank Offense,,,1,,,18,,,20,nor,2010
Lg Rank Defense,,,5,,,27,,,6,nor,2010
Team Stats,208,118,56.7%,10,3,30.0%,75,44,58.7%,nor,2011
Opp. Stats,202,67,33.2%,22,6,27.3%,39,23,59.0%,nor,2011
Lg Rank Offense,,,1,,,29,,,6,nor,2011
Lg Rank Defense,,,5,,,4,,,28,nor,2011
Team Stats,207,91,44.0%,14,8,57.1%,57,39,68.4%,nor,2012
Opp. Stats,208,80,38.5%,19,10,52.6%,70,39,55.7%,nor,2012
Lg Rank Offense,,,4,,,12,,,2,nor,2012
Lg Rank Defense,,,18,,,19,,,22,nor,2012
Team Stats,221,97,43.9%,19,9,47.4%,57,32,56.1%,nor,2013
Opp. Stats,199,69,34.7%,12,4,33.3%,46,26,56.5%,nor,2013
Lg Rank Offense,,,3,,,17,,,12,nor,2013
Lg Rank Defense,,,9,,,6,,,18,nor,2013
Team Stats,203,98,48.3%,15,8,53.3%,65,39,60.0%,nor,2014
Opp. Stats,215,99,46.0%,8,4,50.0%,51,32,62.7%,nor,2014
Lg Rank Offense,,,1,,,10,,,6,nor,2014
Lg Rank Defense,,,31,,,18,,,30,nor,2014
Team Stats,218,104,47.7%,16,10,62.5%,58,35,60.3%,nor,2015
Opp. Stats,176,71,40.3%,13,10,76.9%,65,44,67.7%,nor,2015
Lg Rank Offense,,,1,,,3,,,11,nor,2015
Lg Rank Defense,,,22,,,31,,,32,nor,2015
Team Stats,220,107,48.6%,15,13,86.7%,68,45,66.2%,nor,2016
Opp. Stats,194,84,43.3%,10,4,40.0%,56,32,57.1%,nor,2016
Lg Rank Offense,,,1,,,2,,,4,nor,2016
Lg Rank Defense,,,28,,,11,,,23,nor,2016
Team Stats,194,73,37.6,15,12,80.0,55,32,58.2,nor,2017
Opp. Stats,212,87,41.0,12,4,33.3,48,25,52.1,nor,2017
Lg Rank Offense,,,19,,,1,,,8,nor,2017
Lg Rank Defense,,,27,,,8,,,14,nor,2017
Team Stats,184,82,44.6%,16,13,81.3%,69,48,69.6%,nor,2018
Opp. Stats,189,78,41.3%,29,14,48.3%,49,31,63.3%,nor,2018
Lg Rank Offense,,,7,,,2,,,4,nor,2018
Lg Rank Defense,,,24,,,9,,,23,nor,2018
Team Stats,192,81,42.2%,13,5,38.5%,57,34,59.6%,nor,2019
Opp. Stats,210,73,34.8%,25,11,44.0%,47,28,59.6%,nor,2019
Lg Rank Offense,,,10,,,25,,,11,nor,2019
Lg Rank Defense,,,6,,,11,,,20,nor,2019
Team Stats,208,93,44.7%,16,11,68.8%,68,49,72.1%,nor,2020
Opp. Stats,207,79,38.2%,30,16,53.3%,50,34,68.0%,nor,2020
Lg Rank Offense,,,8,,,5,,,5,nor,2020
Lg Rank Defense,,,9,,,14,,,29,nor,2020
Team Stats,220,78,35.5%,21,11,52.4%,56,33,58.9%,nor,2021
Opp. Stats,240,89,37.1%,21,9,42.9%,46,20,43.5%,nor,2021
Lg Rank Offense,,,30,,,18,,,18,nor,2021
Lg Rank Defense,,,8,,,5,,,1,nor,2021
Team Stats,219,88,40.2%,11,4,36.4%,48,25,52.1%,nor,2022
Opp. Stats,233,97,41.6%,19,8,42.1%,44,22,50.0%,nor,2022
Lg Rank Offense,,,15,,,30,,,21,nor,2022
Lg Rank Defense,,,24,,,10,,,6,nor,2022
Team Stats,235,91,38.7%,19,9,47.4%,60,32,53.3%,nor,2023
Opp. Stats,226,78,34.5%,26,11,42.3%,48,24,50.0%,nor,2023
Lg Rank Offense,,,15,,,22,,,18,nor,2023
Lg Rank Defense,,,4,,,3,,,8,nor,2023
Team Stats,216,76,35.2%,27,15,55.6%,43,25,58.1%,nor,2024
Opp. Stats,224,92,41.1%,27,14,51.9%,54,30,55.6%,nor,2024
Lg Rank Offense,,,28,,,16,,,11,nor,2024
Lg Rank Defense,,,21,,,8,,,15,nor,2024
Team Stats,223,88,39.5,34,14,41.2,45,20,44.4,nor,2025
Opp. Stats,213,73,34.3,34,18,52.9,47,25,53.2,nor,2025
Lg Rank Offense,,,18,,,31,,,32,nor,2025
Lg Rank Defense,,,3,,,14,,,10,nor,2025
Team Stats,197,95,48.2%,14,7,50.0%,67,42,62.7%,nwe,2010
Opp. Stats,210,99,47.1%,20,12,60.0%,50,27,54.0%,nwe,2010
Lg Rank Offense,,,2,,,12,,,4,nwe,2010
Lg Rank Defense,,,32,,,24,,,19,nwe,2010
Team Stats,194,89,45.9%,11,7,63.6%,72,47,65.3%,nwe,2011
Opp. Stats,202,87,43.1%,19,8,42.1%,61,34,55.7%,nwe,2011
Lg Rank Offense,,,5,,,3,,,2,nwe,2011
Lg Rank Defense,,,28,,,15,,,21,nwe,2011
Team Stats,226,110,48.7%,12,8,66.7%,70,49,70.0%,nwe,2012
Opp. Stats,205,82,40.0%,23,9,39.1%,46,24,52.2%,nwe,2012
Lg Rank Offense,,,1,,,5,,,1,nwe,2012
Lg Rank Defense,,,22,,,6,,,13,nwe,2012
Team Stats,221,83,37.6%,15,7,46.7%,65,36,55.4%,nwe,2013
Opp. Stats,232,98,42.2%,21,4,19.0%,50,28,56.0%,nwe,2013
Lg Rank Offense,,,16,,,18,,,15,nwe,2013
Lg Rank Defense,,,26,,,1,,,16,nwe,2013
Team Stats,221,98,44.3%,13,7,53.8%,67,39,58.2%,nwe,2014
Opp. Stats,209,84,40.2%,23,8,34.8%,46,22,47.8%,nwe,2014
Lg Rank Offense,,,6,,,8,,,9,nwe,2014
Lg Rank Defense,,,16,,,6,,,6,nwe,2014
Team Stats,215,88,40.9%,15,9,60.0%,61,40,65.6%,nwe,2015
Opp. Stats,225,84,37.3%,18,8,44.4%,42,24,57.1%,nwe,2015
Lg Rank Offense,,,11,,,4,,,4,nwe,2015
Lg Rank Defense,,,10,,,10,,,16,nwe,2015
Team Stats,227,104,45.8%,12,8,66.7%,60,38,63.3%,nwe,2016
Opp. Stats,206,76,36.9%,18,7,38.9%,44,23,52.3%,nwe,2016
Lg Rank Offense,,,4,,,7,,,8,nwe,2016
Lg Rank Defense,,,7,,,10,,,8,nwe,2016
Team Stats,202,82,40.6,13,8,61.5,70,42,60.0,nwe,2017
Opp. Stats,208,82,39.4,23,10,43.5,48,21,43.8,nwe,2017
Lg Rank Offense,,,10,,,5,,,5,nwe,2017
Lg Rank Defense,,,21,,,13,,,4,nwe,2017
Team Stats,201,82,40.8%,14,7,50.0%,57,34,59.6%,nwe,2018
Opp. Stats,197,76,38.6%,16,6,37.5%,46,27,58.7%,nwe,2018
Lg Rank Offense,,,13,,,20,,,15,nwe,2018
Lg Rank Defense,,,16,,,2,,,16,nwe,2018
Team Stats,227,87,38.3%,15,6,40.0%,60,30,50.0%,nwe,2019
Opp. Stats,195,47,24.1%,22,8,36.4%,29,14,48.3%,nwe,2019
Lg Rank Offense,,,17,,,24,,,26,nwe,2019
Lg Rank Defense,,,1,,,6,,,4,nwe,2019
Team Stats,186,76,40.9%,17,9,52.9%,48,26,54.2%,nwe,2020
Opp. Stats,186,76,40.9%,16,9,56.3%,49,32,65.3%,nwe,2020
Lg Rank Offense,,,17,,,22,,,24,nwe,2020
Lg Rank Defense,,,16,,,16,,,27,nwe,2020
Team Stats,209,91,43.5%,17,11,64.7%,63,39,61.9%,nwe,2021
Opp. Stats,211,77,36.5%,32,17,53.1%,48,23,47.9%,nwe,2021
Lg Rank Offense,,,10,,,4,,,11,nwe,2021
Lg Rank Defense,,,5,,,15,,,2,nwe,2021
Team Stats,215,75,34.9%,13,5,38.5%,45,19,42.2%,nwe,2022
Opp. Stats,241,97,40.2%,27,10,37.0%,50,29,58.0%,nwe,2022
Lg Rank Offense,,,27,,,29,,,32,nwe,2022
Lg Rank Defense,,,21,,,2,,,22,nwe,2022
Team Stats,222,67,30.2%,25,9,36.0%,36,21,58.3%,nwe,2023
Opp. Stats,237,86,36.3%,19,10,52.6%,52,24,46.2%,nwe,2023
Lg Rank Offense,,,31,,,32,,,11,nwe,2023
Lg Rank Defense,,,6,,,19,,,6,nwe,2023
Team Stats,215,75,34.9%,24,14,58.3%,47,22,46.8%,nwe,2024
Opp. Stats,215,93,43.3%,21,11,52.4%,57,36,63.2%,nwe,2024
Lg Rank Offense,,,29,,,14,,,30,nwe,2024
Lg Rank Defense,,,26,,,10,,,25,nwe,2024
Team Stats,198,85,42.9,25,18,72.0,63,36,57.1,nwe,2025
Opp. Stats,200,77,38.5,30,10,33.3,40,27,67.5,nwe,2025
Lg Rank Offense,,,6,,,2,,,17,nwe,2025
Lg Rank Defense,,,12,,,2,,,30,nwe,2025
Team Stats,206,74,35.9%,11,3,27.3%,54,31,57.4%,nyg,2010
Opp. Stats,208,66,31.7%,17,9,52.9%,47,25,53.2%,nyg,2010
Lg Rank Offense,,,21,,,32,,,11,nyg,2010
Lg Rank Defense,,,1,,,20,,,18,nyg,2010
Team Stats,206,77,37.4%,13,4,30.8%,56,32,57.1%,nyg,2011
Opp. Stats,220,84,38.2%,18,10,55.6%,61,34,55.7%,nyg,2011
Lg Rank Offense,,,14,,,26,,,8,nyg,2011
Lg Rank Defense,,,17,,,26,,,21,nyg,2011
Team Stats,192,78,40.6%,10,5,50.0%,62,34,54.8%,nyg,2012
Opp. Stats,198,84,42.4%,21,10,47.6%,50,23,46.0%,nyg,2012
Lg Rank Offense,,,11,,,17,,,15,nyg,2012
Lg Rank Defense,,,30,,,16,,,6,nyg,2012
Team Stats,211,69,32.7%,12,6,50.0%,36,17,47.2%,nyg,2013
Opp. Stats,232,93,40.1%,15,4,26.7%,46,25,54.3%,nyg,2013
Lg Rank Offense,,,30,,,15,,,30,nyg,2013
Lg Rank Defense,,,23,,,2,,,15,nyg,2013
Team Stats,235,101,43.0%,16,5,31.3%,61,36,59.0%,nyg,2014
Opp. Stats,200,72,36.0%,10,4,40.0%,51,25,49.0%,nyg,2014
Lg Rank Offense,,,10,,,30,,,7,nyg,2014
Lg Rank Defense,,,4,,,11,,,9,nyg,2014
Team Stats,217,82,37.8%,16,9,56.3%,54,24,44.4%,nyg,2015
Opp. Stats,230,108,47.0%,14,8,57.1%,52,28,53.8%,nyg,2015
Lg Rank Offense,,,22,,,9,,,29,nyg,2015
Lg Rank Defense,,,32,,,23,,,12,nyg,2015
Team Stats,219,78,35.6%,19,9,47.4%,43,23,53.5%,nyg,2016
Opp. Stats,238,84,35.3%,14,7,50.0%,43,17,39.5%,nyg,2016
Lg Rank Offense,,,28,,,18,,,19,nyg,2016
Lg Rank Defense,,,3,,,16,,,1,nyg,2016
Team Stats,227,74,32.6,21,8,38.1,39,19,48.7,nyg,2017
Opp. Stats,222,88,39.6,17,5,29.4,53,29,54.7,nyg,2017
Lg Rank Offense,,,30,,,23,,,25,nyg,2017
Lg Rank Defense,,,22,,,4,,,17,nyg,2017
Team Stats,206,76,36.9%,20,12,60.0%,54,27,50.0%,nyg,2018
Opp. Stats,206,87,42.2%,17,14,82.4%,58,33,56.9%,nyg,2018
Lg Rank Offense,,,22,,,11,,,27,nyg,2018
Lg Rank Defense,,,26,,,32,,,12,nyg,2018
Team Stats,212,79,37.3%,31,14,45.2%,42,24,57.1%,nyg,2019
Opp. Stats,216,86,39.8%,14,8,57.1%,54,31,57.4%,nyg,2019
Lg Rank Offense,,,19,,,19,,,16,nyg,2019
Lg Rank Defense,,,20,,,23,,,17,nyg,2019
Team Stats,198,72,36.4%,22,14,63.6%,41,19,46.3%,nyg,2020
Opp. Stats,204,91,44.6%,18,11,61.1%,59,30,50.8%,nyg,2020
Lg Rank Offense,,,29,,,7,,,31,nyg,2020
Lg Rank Defense,,,25,,,22,,,2,nyg,2020
Team Stats,230,84,36.5%,30,13,43.3%,38,17,44.7%,nyg,2021
Opp. Stats,226,90,39.8%,23,15,65.2%,71,37,52.1%,nyg,2021
Lg Rank Offense,,,24,,,26,,,32,nyg,2021
Lg Rank Defense,,,16,,,30,,,9,nyg,2021
Team Stats,212,78,36.8%,21,10,47.6%,49,31,63.3%,nyg,2022
Opp. Stats,205,72,35.1%,17,11,64.7%,63,31,49.2%,nyg,2022
Lg Rank Offense,,,22,,,21,,,7,nyg,2022
Lg Rank Defense,,,5,,,30,,,5,nyg,2022
Team Stats,248,75,30.2%,37,18,48.6%,43,19,44.2%,nyg,2023
Opp. Stats,216,80,37.0%,19,10,52.6%,59,36,61.0%,nyg,2023
Lg Rank Offense,,,30,,,20,,,31,nyg,2023
Lg Rank Defense,,,9,,,19,,,25,nyg,2023
Team Stats,232,82,35.3%,37,20,54.1%,44,19,43.2%,nyg,2024
Opp. Stats,216,87,40.3%,21,12,57.1%,54,29,53.7%,nyg,2024
Lg Rank Offense,,,27,,,18,,,32,nyg,2024
Lg Rank Defense,,,19,,,16,,,11,nyg,2024
Team Stats,224,90,40.2,39,18,46.2,59,28,47.5,nyg,2025
Opp. Stats,199,78,39.2,22,16,72.7,57,36,63.2,nyg,2025
Lg Rank Offense,,,14,,,25,,,27,nyg,2025
Lg Rank Defense,,,13,,,29,,,25,nyg,2025
Team Stats,235,93,39.6%,14,5,35.7%,50,20,40.0%,nyj,2010
Opp. Stats,219,81,37.0%,6,4,66.7%,43,26,60.5%,nyj,2010
Lg Rank Offense,,,15,,,27,,,30,nyj,2010
Lg Rank Defense,,,10,,,28,,,25,nyj,2010
Team Stats,213,74,34.7%,11,4,36.4%,55,36,65.5%,nyj,2011
Opp. Stats,211,69,32.7%,10,1,10.0%,44,23,52.3%,nyj,2011
Lg Rank Offense,,,22,,,21,,,1,nyj,2011
Lg Rank Defense,,,4,,,1,,,16,nyj,2011
Team Stats,217,80,36.9%,14,7,50.0%,47,23,48.9%,nyj,2012
Opp. Stats,226,84,37.2%,15,12,80.0%,41,24,58.5%,nyj,2012
Lg Rank Offense,,,20,,,17,,,25,nyj,2012
Lg Rank Defense,,,12,,,31,,,25,nyj,2012
Team Stats,231,90,39.0%,8,1,12.5%,42,21,50.0%,nyj,2013
Opp. Stats,231,85,36.8%,18,7,38.9%,49,22,44.9%,nyj,2013
Lg Rank Offense,,,13,,,32,,,27,nyj,2013
Lg Rank Defense,,,13,,,11,,,4,nyj,2013
Team Stats,234,91,38.9%,16,9,56.3%,47,17,36.2%,nyj,2014
Opp. Stats,219,99,45.2%,4,0,0.0%,49,29,59.2%,nyj,2014
Lg Rank Offense,,,20,,,6,,,32,nyj,2014
Lg Rank Defense,,,30,,,1,,,25,nyj,2014
Team Stats,229,93,40.6%,14,6,42.9%,53,35,66.0%,nyj,2015
Opp. Stats,232,77,33.2%,23,13,56.5%,40,14,35.0%,nyj,2015
Lg Rank Offense,,,12,,,25,,,3,nyj,2015
Lg Rank Defense,,,3,,,22,,,1,nyj,2015
Team Stats,210,76,36.2%,19,8,42.1%,54,19,35.2%,nyj,2016
Opp. Stats,210,84,40.0%,10,2,20.0%,51,29,56.9%,nyj,2016
Lg Rank Offense,,,27,,,24,,,32,nyj,2016
Lg Rank Defense,,,19,,,1,,,21,nyj,2016
Team Stats,228,81,35.5,13,7,53.8,33,18,54.5,nyj,2017
Opp. Stats,221,82,37.1,11,5,45.5,52,29,55.8,nyj,2017
Lg Rank Offense,,,23,,,8,,,15,nyj,2017
Lg Rank Defense,,,12,,,15,,,21,nyj,2017
Team Stats,214,69,32.2%,22,11,50.0%,45,20,44.4%,nyj,2018
Opp. Stats,213,72,33.8%,14,9,64.3%,59,31,52.5%,nyj,2018
Lg Rank Offense,,,29,,,20,,,30,nyj,2018
Lg Rank Defense,,,2,,,25,,,10,nyj,2018
Team Stats,212,65,30.7%,19,7,36.8%,33,18,54.5%,nyj,2019
Opp. Stats,225,88,39.1%,12,3,25.0%,48,26,54.2%,nyj,2019
Lg Rank Offense,,,31,,,27,,,19,nyj,2019
Lg Rank Defense,,,17,,,2,,,12,nyj,2019
Team Stats,206,70,34.0%,18,7,38.9%,38,16,42.1%,nyj,2020
Opp. Stats,202,90,44.6%,12,5,41.7%,60,36,60.0%,nyj,2020
Lg Rank Offense,,,32,,,29,,,32,nyj,2020
Lg Rank Defense,,,24,,,4,,,13,nyj,2020
Team Stats,212,77,36.3%,29,14,48.3%,51,28,54.9%,nyj,2021
Opp. Stats,223,99,44.4%,21,13,61.9%,74,45,60.8%,nyj,2021
Lg Rank Offense,,,27,,,23,,,21,nyj,2021
Lg Rank Defense,,,27,,,27,,,21,nyj,2021
Team Stats,240,83,34.6%,28,11,39.3%,46,20,43.5%,nyj,2022
Opp. Stats,244,93,38.1%,26,11,42.3%,46,22,47.8%,nyj,2022
Lg Rank Offense,,,28,,,27,,,31,nyj,2022
Lg Rank Defense,,,11,,,11,,,4,nyj,2022
Team Stats,235,61,26.0%,29,17,58.6%,37,12,32.4%,nyj,2023
Opp. Stats,242,90,37.2%,16,7,43.8%,49,24,49.0%,nyj,2023
Lg Rank Offense,,,32,,,6,,,32,nyj,2023
Lg Rank Defense,,,13,,,5,,,7,nyj,2023
Team Stats,210,83,39.5%,24,10,41.7%,55,30,54.5%,nyj,2024
Opp. Stats,215,83,38.6%,21,16,76.2%,63,37,58.7%,nyj,2024
Lg Rank Offense,,,14,,,29,,,21,nyj,2024
Lg Rank Defense,,,16,,,30,,,17,nyj,2024
Team Stats,229,80,34.9,41,18,43.9,38,17,44.7,nyj,2025
Opp. Stats,212,79,37.3,22,16,72.7,68,44,64.7,nyj,2025
Lg Rank Offense,,,26,,,28,,,31,nyj,2025
Lg Rank Defense,,,10,,,29,,,27,nyj,2025
Team Stats,204,71,34.8%,14,8,57.1%,43,25,58.1%,oti,2010
Opp. Stats,242,104,43.0%,22,9,40.9%,63,26,41.3%,oti,2010
Lg Rank Offense,,,23,,,10,,,10,oti,2010
Lg Rank Defense,,,29,,,7,,,4,oti,2010
Team Stats,218,80,36.7%,14,10,71.4%,37,22,59.5%,oti,2011
Opp. Stats,236,96,40.7%,20,8,40.0%,48,23,47.9%,oti,2011
Lg Rank Offense,,,17,,,1,,,5,oti,2011
Lg Rank Defense,,,23,,,10,,,10,oti,2011
Team Stats,217,83,38.2%,15,5,33.3%,36,18,50.0%,oti,2012
Opp. Stats,214,85,39.7%,14,6,42.9%,58,37,63.8%,oti,2012
Lg Rank Offense,,,14,,,27,,,22,oti,2012
Lg Rank Defense,,,21,,,10,,,30,oti,2012
Team Stats,227,94,41.4%,17,11,64.7%,49,28,57.1%,oti,2013
Opp. Stats,201,69,34.3%,11,7,63.6%,50,32,64.0%,oti,2013
Lg Rank Offense,,,8,,,6,,,9,oti,2013
Lg Rank Defense,,,7,,,27,,,29,oti,2013
Team Stats,196,59,30.1%,17,6,35.3%,39,19,48.7%,oti,2014
Opp. Stats,227,94,41.4%,11,5,45.5%,63,37,58.7%,oti,2014
Lg Rank Offense,,,31,,,28,,,25,oti,2014
Lg Rank Defense,,,19,,,15,,,24,oti,2014
Team Stats,201,64,31.8%,15,7,46.7%,40,26,65.0%,oti,2015
Opp. Stats,216,92,42.6%,12,4,33.3%,53,33,62.3%,oti,2015
Lg Rank Offense,,,29,,,21,,,6,oti,2015
Lg Rank Defense,,,25,,,5,,,26,oti,2015
Team Stats,217,100,46.1%,11,4,36.4%,50,36,72.0%,oti,2016
Opp. Stats,210,77,36.7%,22,12,54.5%,55,29,52.7%,oti,2016
Lg Rank Offense,,,3,,,29,,,1,oti,2016
Lg Rank Defense,,,6,,,19,,,13,oti,2016
Team Stats,202,71,35.1,10,5,50.0,40,21,52.5,oti,2017
Opp. Stats,214,78,36.4,16,10,62.5,56,27,48.2,oti,2017
Lg Rank Offense,,,25,,,12,,,19,oti,2017
Lg Rank Defense,,,8,,,27,,,10,oti,2017
Team Stats,205,82,40.0%,12,7,58.3%,47,25,53.2%,oti,2018
Opp. Stats,205,75,36.6%,20,11,55.0%,47,21,44.7%,oti,2018
Lg Rank Offense,,,15,,,15,,,23,oti,2018
Lg Rank Defense,,,10,,,16,,,2,oti,2018
Team Stats,185,70,37.8%,14,4,28.6%,45,34,75.6%,oti,2019
Opp. Stats,204,74,36.3%,25,10,40.0%,47,32,68.1%,oti,2019
Lg Rank Offense,,,18,,,30,,,1,oti,2019
Lg Rank Defense,,,8,,,8,,,31,oti,2019
Team Stats,182,84,46.2%,16,10,62.5%,64,48,75.0%,oti,2020
Opp. Stats,214,111,51.9%,26,15,57.7%,65,45,69.2%,oti,2020
Lg Rank Offense,,,5,,,9,,,2,oti,2020
Lg Rank Defense,,,32,,,17,,,30,oti,2020
Team Stats,236,103,43.6%,24,15,62.5%,61,39,63.9%,oti,2021
Opp. Stats,210,77,36.7%,24,14,58.3%,58,30,51.7%,oti,2021
Lg Rank Offense,,,8,,,7,,,5,oti,2021
Lg Rank Defense,,,6,,,21,,,7,oti,2021
Team Stats,219,80,36.5%,17,9,52.9%,42,27,64.3%,oti,2022
Opp. Stats,225,77,34.2%,26,19,73.1%,49,27,55.1%,oti,2022
Lg Rank Offense,,,23,,,13,,,6,oti,2022
Lg Rank Defense,,,3,,,32,,,15,oti,2022
Team Stats,212,71,33.5%,20,11,55.0%,48,23,47.9%,oti,2023
Opp. Stats,231,89,38.5%,21,12,57.1%,61,23,37.7%,oti,2023
Lg Rank Offense,,,28,,,13,,,26,oti,2023
Lg Rank Defense,,,17,,,26,,,1,oti,2023
Team Stats,215,81,37.7%,23,9,39.1%,45,24,53.3%,oti,2024
Opp. Stats,213,88,41.3%,13,10,76.9%,57,36,63.2%,oti,2024
Lg Rank Offense,,,19,,,30,,,24,oti,2024
Lg Rank Defense,,,22,,,31,,,25,oti,2024
Team Stats,232,74,31.9,35,16,45.7,33,19,57.6,oti,2025
Opp. Stats,204,81,39.7,16,12,75.0,58,38,65.5,oti,2025
Lg Rank Offense,,,31,,,26,,,16,oti,2025
Lg Rank Defense,,,16,,,32,,,28,oti,2025
Team Stats,214,85,39.7%,13,9,69.2%,58,31,53.4%,phi,2010
Opp. Stats,209,80,38.3%,12,5,41.7%,43,33,76.7%,phi,2010
Lg Rank Offense,,,14,,,4,,,14,phi,2010
Lg Rank Defense,,,17,,,8,,,32,phi,2010
Team Stats,205,85,41.5%,15,7,46.7%,66,34,51.5%,phi,2011
Opp. Stats,211,75,35.5%,17,7,41.2%,47,28,59.6%,phi,2011
Lg Rank Offense,,,9,,,12,,,14,phi,2011
Lg Rank Defense,,,13,,,12,,,30,phi,2011
Team Stats,222,83,37.4%,24,14,58.3%,50,22,44.0%,phi,2012
Opp. Stats,203,83,40.9%,10,2,20.0%,55,30,54.5%,phi,2012
Lg Rank Offense,,,18,,,11,,,28,phi,2012
Lg Rank Defense,,,26,,,1,,,18,phi,2012
Team Stats,213,83,39.0%,14,7,50.0%,57,30,52.6%,phi,2013
Opp. Stats,231,93,40.3%,20,8,40.0%,49,26,53.1%,phi,2013
Lg Rank Offense,,,12,,,15,,,18,phi,2013
Lg Rank Defense,,,24,,,12,,,12,phi,2013
Team Stats,237,103,43.5%,11,7,63.6%,59,29,49.2%,phi,2014
Opp. Stats,232,88,37.9%,12,3,25.0%,43,25,58.1%,phi,2014
Lg Rank Offense,,,9,,,2,,,23,phi,2014
Lg Rank Defense,,,13,,,5,,,23,phi,2014
Team Stats,230,91,39.6%,16,8,50.0%,43,24,55.8%,phi,2015
Opp. Stats,231,99,42.9%,9,6,66.7%,61,40,65.6%,phi,2015
Lg Rank Offense,,,15,,,15,,,15,phi,2015
Lg Rank Defense,,,26,,,27,,,31,phi,2015
Team Stats,224,85,37.9%,27,13,48.1%,55,27,49.1%,phi,2016
Opp. Stats,205,82,40.0%,18,8,44.4%,51,23,45.1%,phi,2016
Lg Rank Offense,,,20,,,17,,,24,phi,2016
Lg Rank Defense,,,19,,,12,,,3,phi,2016
Team Stats,230,96,41.7,26,17,65.4,55,36,65.5,phi,2017
Opp. Stats,205,66,32.2,18,4,22.2,38,21,55.3,phi,2017
Lg Rank Offense,,,8,,,3,,,1,phi,2017
Lg Rank Defense,,,3,,,1,,,20,phi,2017
Team Stats,205,84,41.0%,23,14,60.9%,57,33,57.9%,phi,2018
Opp. Stats,201,71,35.3%,19,11,57.9%,56,25,44.6%,phi,2018
Lg Rank Offense,,,12,,,10,,,17,phi,2018
Lg Rank Defense,,,6,,,19,,,1,phi,2018
Team Stats,229,104,45.4%,24,8,33.3%,54,36,66.7%,phi,2019
Opp. Stats,205,70,34.1%,18,11,61.1%,43,24,55.8%,phi,2019
Lg Rank Offense,,,4,,,28,,,3,phi,2019
Lg Rank Defense,,,4,,,27,,,14,phi,2019
Team Stats,220,82,37.3%,35,15,42.9%,46,28,60.9%,phi,2020
Opp. Stats,211,80,37.9%,18,7,38.9%,51,33,64.7%,phi,2020
Lg Rank Offense,,,28,,,27,,,15,phi,2020
Lg Rank Defense,,,7,,,3,,,26,phi,2020
Team Stats,221,101,45.7%,24,11,45.8%,61,38,62.3%,phi,2021
Opp. Stats,217,93,42.9%,29,14,48.3%,60,40,66.7%,phi,2021
Lg Rank Offense,,,4,,,25,,,8,phi,2021
Lg Rank Defense,,,23,,,11,,,28,phi,2021
Team Stats,222,102,45.9%,32,22,68.8%,59,40,67.8%,phi,2022
Opp. Stats,223,86,38.6%,25,15,60.0%,55,29,52.7%,phi,2022
Lg Rank Offense,,,4,,,4,,,3,phi,2022
Lg Rank Defense,,,14,,,25,,,12,phi,2022
Team Stats,225,108,48.0%,26,19,73.1%,60,36,60.0%,phi,2023
Opp. Stats,233,108,46.4%,34,19,55.9%,59,39,66.1%,phi,2023
Lg Rank Offense,,,3,,,1,,,9,phi,2023
Lg Rank Defense,,,31,,,25,,,30,phi,2023
Team Stats,235,98,41.7%,27,19,70.4%,68,39,57.4%,phi,2024
Opp. Stats,211,75,35.5%,30,19,63.3%,48,24,50.0%,phi,2024
Lg Rank Offense,,,10,,,4,,,13,phi,2024
Lg Rank Defense,,,3,,,23,,,5,phi,2024
Team Stats,210,78,37.1,21,11,52.4,44,31,70.5,phi,2025
Opp. Stats,227,92,40.5,29,11,37.9,49,26,53.1,phi,2025
Lg Rank Offense,,,24,,,19,,,1,phi,2025
Lg Rank Defense,,,21,,,4,,,9,phi,2025
Team Stats,218,94,43.1%,5,2,40.0%,50,24,48.0%,pit,2010
Opp. Stats,209,70,33.5%,16,10,62.5%,40,16,40.0%,pit,2010
Lg Rank Offense,,,6,,,21,,,23,pit,2010
Lg Rank Defense,,,3,,,25,,,2,pit,2010
Team Stats,196,90,45.9%,8,3,37.5%,53,27,50.9%,pit,2011
Opp. Stats,221,86,38.9%,13,8,61.5%,31,17,54.8%,pit,2011
Lg Rank Offense,,,4,,,19,,,18,pit,2011
Lg Rank Defense,,,19,,,28,,,17,pit,2011
Team Stats,224,94,42.0%,13,6,46.2%,49,27,55.1%,pit,2012
Opp. Stats,206,73,35.4%,11,8,72.7%,42,22,52.4%,pit,2012
Lg Rank Offense,,,10,,,20,,,14,pit,2012
Lg Rank Defense,,,5,,,29,,,14,pit,2012
Team Stats,216,82,38.0%,15,9,60.0%,53,28,52.8%,pit,2013
Opp. Stats,230,91,39.6%,20,9,45.0%,55,31,56.4%,pit,2013
Lg Rank Offense,,,14,,,9,,,16,pit,2013
Lg Rank Defense,,,22,,,16,,,17,pit,2013
Team Stats,208,93,44.7%,10,5,50.0%,55,29,52.7%,pit,2014
Opp. Stats,189,71,37.6%,14,10,71.4%,50,27,54.0%,pit,2014
Lg Rank Offense,,,5,,,11,,,18,pit,2014
Lg Rank Defense,,,10,,,32,,,18,pit,2014
Team Stats,193,75,38.9%,12,4,33.3%,56,34,60.7%,pit,2015
Opp. Stats,225,90,40.0%,24,7,29.2%,57,28,49.1%,pit,2015
Lg Rank Offense,,,17,,,29,,,10,pit,2015
Lg Rank Defense,,,21,,,4,,,6,pit,2015
Team Stats,202,83,41.1%,16,9,56.3%,49,29,59.2%,pit,2016
Opp. Stats,214,88,41.1%,21,11,52.4%,57,26,45.6%,pit,2016
Lg Rank Offense,,,12,,,10,,,12,pit,2016
Lg Rank Defense,,,23,,,18,,,4,pit,2016
Team Stats,209,92,44.0,8,3,37.5,63,32,50.8,pit,2017
Opp. Stats,199,72,36.2,19,6,31.6,39,24,61.5,pit,2017
Lg Rank Offense,,,2,,,24,,,22,pit,2017
Lg Rank Defense,,,7,,,7,,,28,pit,2017
Team Stats,198,88,44.4%,14,9,64.3%,49,36,73.5%,pit,2018
Opp. Stats,197,72,36.5%,13,7,53.8%,49,29,59.2%,pit,2018
Lg Rank Offense,,,8,,,7,,,1,pit,2018
Lg Rank Defense,,,9,,,13,,,17,pit,2018
Team Stats,195,67,34.4%,15,2,13.3%,40,14,35.0%,pit,2019
Opp. Stats,209,76,36.4%,21,10,47.6%,46,23,50.0%,pit,2019
Lg Rank Offense,,,27,,,32,,,32,pit,2019
Lg Rank Defense,,,9,,,17,,,6,pit,2019
Team Stats,230,97,42.2%,19,10,52.6%,52,33,63.5%,pit,2020
Opp. Stats,222,83,37.4%,20,5,25.0%,45,25,55.6%,pit,2020
Lg Rank Offense,,,14,,,23,,,11,pit,2020
Lg Rank Defense,,,5,,,1,,,6,pit,2020
Team Stats,239,93,38.9%,21,10,47.6%,50,27,54.0%,pit,2021
Opp. Stats,232,86,37.1%,24,13,54.2%,59,30,50.8%,pit,2021
Lg Rank Offense,,,18,,,24,,,23,pit,2021
Lg Rank Defense,,,7,,,17,,,5,pit,2021
Team Stats,236,106,44.9%,15,11,73.3%,52,27,51.9%,pit,2022
Opp. Stats,216,85,39.4%,21,13,61.9%,47,26,55.3%,pit,2022
Lg Rank Offense,,,7,,,3,,,23,pit,2022
Lg Rank Defense,,,18,,,26,,,17,pit,2022
Team Stats,232,85,36.6%,19,9,47.4%,42,20,47.6%,pit,2023
Opp. Stats,233,91,39.1%,18,8,44.4%,50,23,46.0%,pit,2023
Lg Rank Offense,,,22,,,22,,,27,pit,2023
Lg Rank Defense,,,21,,,6,,,5,pit,2023
Team Stats,228,90,39.5%,18,7,38.9%,56,27,48.2%,pit,2024
Opp. Stats,204,72,35.3%,22,15,68.2%,61,33,54.1%,pit,2024
Lg Rank Offense,,,15,,,31,,,29,pit,2024
Lg Rank Defense,,,2,,,29,,,13,pit,2024
Team Stats,210,84,40.0,23,12,52.2,51,30,58.8,pit,2025
Opp. Stats,236,98,41.5,38,28,73.7,55,28,50.9,pit,2025
Lg Rank Offense,,,15,,,20,,,11,pit,2025
Lg Rank Defense,,,25,,,31,,,7,pit,2025
Team Stats,220,75,34.1%,20,8,40.0%,48,25,52.1%,rai,2010
Opp. Stats,218,76,34.9%,11,3,27.3%,49,26,53.1%,rai,2010
Lg Rank Offense,,,25,,,21,,,17,rai,2010
Lg Rank Defense,,,7,,,2,,,17,rai,2010
Team Stats,199,71,35.7%,13,7,53.8%,47,24,51.1%,rai,2011
Opp. Stats,219,92,42.0%,14,4,28.6%,51,30,58.8%,rai,2011
Lg Rank Offense,,,21,,,9,,,16,rai,2011
Lg Rank Defense,,,25,,,5,,,26,rai,2011
Team Stats,220,77,35.0%,16,4,25.0%,42,18,42.9%,rai,2012
Opp. Stats,212,83,39.2%,14,8,57.1%,54,30,55.6%,rai,2012
Lg Rank Offense,,,26,,,31,,,30,rai,2012
Lg Rank Defense,,,20,,,24,,,20,rai,2012
Team Stats,223,78,35.0%,12,7,58.3%,42,25,59.5%,rai,2013
Opp. Stats,211,91,43.1%,6,2,33.3%,62,37,59.7%,rai,2013
Lg Rank Offense,,,26,,,10,,,5,rai,2013
Lg Rank Defense,,,28,,,6,,,22,rai,2013
Team Stats,236,80,33.9%,15,9,60.0%,29,21,72.4%,rai,2014
Opp. Stats,221,85,38.5%,9,4,44.4%,57,30,52.6%,rai,2014
Lg Rank Offense,,,28,,,3,,,1,rai,2014
Lg Rank Defense,,,14,,,14,,,15,rai,2014
Team Stats,220,86,39.1%,13,5,38.5%,41,25,61.0%,rai,2015
Opp. Stats,224,84,37.5%,17,9,52.9%,58,30,51.7%,rai,2015
Lg Rank Offense,,,16,,,27,,,9,rai,2015
Lg Rank Defense,,,11,,,19,,,9,rai,2015
Team Stats,218,83,38.1%,13,6,46.2%,56,32,57.1%,rai,2016
Opp. Stats,198,78,39.4%,15,4,26.7%,57,33,57.9%,rai,2016
Lg Rank Offense,,,17,,,19,,,14,rai,2016
Lg Rank Defense,,,16,,,4,,,24,rai,2016
Team Stats,204,82,40.2,24,8,33.3,34,20,58.8,rai,2017
Opp. Stats,215,88,40.9,10,7,70.0,48,23,47.9,rai,2017
Lg Rank Offense,,,11,,,26,,,7,rai,2017
Lg Rank Defense,,,26,,,30,,,9,rai,2017
Team Stats,197,73,37.1%,16,7,43.8%,43,23,53.5%,rai,2018
Opp. Stats,201,93,46.3%,12,8,66.7%,62,37,59.7%,rai,2018
Lg Rank Offense,,,19,,,27,,,22,rai,2018
Lg Rank Defense,,,30,,,28,,,18,rai,2018
Team Stats,201,88,43.8%,19,11,57.9%,53,28,52.8%,rai,2019
Opp. Stats,190,81,42.6%,13,9,69.2%,55,37,67.3%,rai,2019
Lg Rank Offense,,,7,,,8,,,22,rai,2019
Lg Rank Defense,,,26,,,32,,,30,rai,2019
Team Stats,198,91,46.0%,21,16,76.2%,59,32,54.2%,rai,2020
Opp. Stats,205,100,48.8%,17,14,82.4%,68,42,61.8%,rai,2020
Lg Rank Offense,,,6,,,3,,,23,rai,2020
Lg Rank Defense,,,30,,,32,,,16,rai,2020
Team Stats,206,77,37.4%,19,12,63.2%,60,31,51.7%,rai,2021
Opp. Stats,230,91,39.6%,29,21,72.4%,43,35,81.4%,rai,2021
Lg Rank Offense,,,22,,,6,,,26,rai,2021
Lg Rank Defense,,,15,,,32,,,32,rai,2021
Team Stats,208,83,39.9%,24,13,54.2%,48,23,47.9%,rai,2022
Opp. Stats,206,86,41.7%,20,11,55.0%,54,35,64.8%,rai,2022
Lg Rank Offense,,,16,,,9,,,26,rai,2022
Lg Rank Defense,,,26,,,19,,,29,rai,2022
Team Stats,216,77,35.6%,23,14,60.9%,47,23,48.9%,rai,2023
Opp. Stats,227,94,41.4%,26,14,53.8%,48,30,62.5%,rai,2023
Lg Rank Offense,,,24,,,5,,,24,rai,2023
Lg Rank Defense,,,27,,,23,,,26,rai,2023
Team Stats,224,78,34.8%,25,14,56.0%,45,22,48.9%,rai,2024
Opp. Stats,221,88,39.8%,13,10,76.9%,58,35,60.3%,rai,2024
Lg Rank Offense,,,30,,,15,,,27,rai,2024
Lg Rank Defense,,,17,,,31,,,21,rai,2024
Team Stats,213,72,33.8,32,13,40.6,36,18,50.0,rai,2025
Opp. Stats,229,106,46.3,21,13,61.9,64,37,57.8,rai,2025
Lg Rank Offense,,,28,,,32,,,26,rai,2025
Lg Rank Defense,,,30,,,21,,,17,rai,2025
Team Stats,235,78,33.2%,15,8,53.3%,56,20,35.7%,ram,2010
Opp. Stats,221,74,33.5%,12,6,50.0%,45,22,48.9%,ram,2010
Lg Rank Offense,,,26,,,11,,,31,ram,2010
Lg Rank Defense,,,2,,,17,,,14,ram,2010
Team Stats,228,64,28.1%,23,8,34.8%,31,12,38.7%,ram,2011
Opp. Stats,216,83,38.4%,8,5,62.5%,52,26,50.0%,ram,2011
Lg Rank Offense,,,32,,,25,,,31,ram,2011
Lg Rank Defense,,,18,,,29,,,13,ram,2011
Team Stats,209,67,32.1%,24,13,54.2%,37,19,51.4%,ram,2012
Opp. Stats,213,80,37.6%,16,6,37.5%,53,27,50.9%,ram,2012
Lg Rank Offense,,,29,,,15,,,19,ram,2012
Lg Rank Defense,,,13,,,4,,,8,ram,2012
Team Stats,212,73,34.4%,18,6,33.3%,49,25,51.0%,ram,2013
Opp. Stats,201,78,38.8%,16,9,56.3%,60,31,51.7%,ram,2013
Lg Rank Offense,,,28,,,27,,,24,ram,2013
Lg Rank Defense,,,19,,,22,,,11,ram,2013
Team Stats,192,68,35.4%,10,4,40.0%,44,22,50.0%,ram,2014
Opp. Stats,213,82,38.5%,10,0,0.0%,39,18,46.2%,ram,2014
Lg Rank Offense,,,27,,,22,,,22,ram,2014
Lg Rank Defense,,,15,,,1,,,4,ram,2014
Team Stats,201,52,25.9%,13,4,30.8%,36,19,52.8%,ram,2015
Opp. Stats,225,78,34.7%,15,4,26.7%,48,20,41.7%,ram,2015
Lg Rank Offense,,,32,,,32,,,23,ram,2015
Lg Rank Defense,,,6,,,3,,,2,ram,2015
Team Stats,213,67,31.5%,20,8,40.0%,34,16,47.1%,ram,2016
Opp. Stats,220,82,37.3%,14,12,85.7%,52,37,71.2%,ram,2016
Lg Rank Offense,,,32,,,27,,,25,ram,2016
Lg Rank Defense,,,9,,,32,,,31,ram,2016
Team Stats,214,88,41.1,12,5,41.7,69,38,55.1,ram,2017
Opp. Stats,227,86,37.9,15,9,60.0,46,27,58.7,ram,2017
Lg Rank Offense,,,9,,,20,,,14,ram,2017
Lg Rank Defense,,,14,,,25,,,24,ram,2017
Team Stats,191,86,45.0%,15,6,40.0%,80,46,57.5%,ram,2018
Opp. Stats,188,70,37.2%,15,9,60.0%,52,30,57.7%,ram,2018
Lg Rank Offense,,,5,,,30,,,18,ram,2018
Lg Rank Defense,,,12,,,22,,,14,ram,2018
Team Stats,208,83,39.9%,13,3,23.1%,59,38,64.4%,ram,2019
Opp. Stats,218,86,39.4%,24,14,58.3%,52,33,63.5%,ram,2019
Lg Rank Offense,,,15,,,31,,,5,ram,2019
Lg Rank Defense,,,18,,,24,,,28,ram,2019
Team Stats,226,98,43.4%,17,8,47.1%,57,33,57.9%,ram,2020
Opp. Stats,209,74,35.4%,21,9,42.9%,46,27,58.7%,ram,2020
Lg Rank Offense,,,12,,,26,,,19,ram,2020
Lg Rank Defense,,,3,,,5,,,12,ram,2020
Team Stats,205,90,43.9%,19,10,52.6%,70,42,60.0%,ram,2021
Opp. Stats,223,92,41.3%,32,17,53.1%,56,29,51.8%,ram,2021
Lg Rank Offense,,,7,,,17,,,14,ram,2021
Lg Rank Defense,,,21,,,15,,,8,ram,2021
Team Stats,211,83,39.3%,19,15,78.9%,45,25,55.6%,ram,2022
Opp. Stats,208,84,40.4%,20,13,65.0%,54,24,44.4%,ram,2022
Lg Rank Offense,,,18,,,1,,,14,ram,2022
Lg Rank Defense,,,22,,,31,,,1,ram,2022
Team Stats,226,95,42.0%,21,13,61.9%,55,35,63.6%,ram,2023
Opp. Stats,228,88,38.6%,30,16,53.3%,48,26,54.2%,ram,2023
Lg Rank Offense,,,8,,,4,,,4,ram,2023
Lg Rank Defense,,,18,,,22,,,15,ram,2023
Team Stats,201,74,36.8%,24,16,66.7%,63,33,52.4%,ram,2024
Opp. Stats,204,83,40.7%,17,9,52.9%,56,28,50.0%,ram,2024
Lg Rank Offense,,,24,,,7,,,25,ram,2024
Lg Rank Defense,,,20,,,12,,,5,ram,2024
Team Stats,192,76,39.6,30,20,66.7,76,48,63.2,ram,2025
Opp. Stats,226,82,36.3,42,23,54.8,52,24,46.2,ram,2025
Lg Rank Offense,,,17,,,5,,,7,ram,2025
Lg Rank Defense,,,7,,,17,,,3,ram,2025
Team Stats,210,82,39.0%,10,4,40.0%,51,25,49.0%,rav,2010
Opp. Stats,229,87,38.0%,12,6,50.0%,40,17,42.5%,rav,2010
Lg Rank Offense,,,16,,,21,,,22,rav,2010
Lg Rank Defense,,,15,,,17,,,5,rav,2010
Team Stats,229,97,42.4%,7,4,57.1%,49,25,51.0%,rav,2011
Opp. Stats,221,71,32.1%,21,10,47.6%,42,16,38.1%,rav,2011
Lg Rank Offense,,,7,,,6,,,17,rav,2011
Lg Rank Defense,,,2,,,21,,,1,rav,2011
Team Stats,217,80,36.9%,14,6,42.9%,49,28,57.1%,rav,2012
Opp. Stats,232,83,35.8%,12,6,50.0%,53,23,43.4%,rav,2012
Lg Rank Offense,,,20,,,22,,,11,rav,2012
Lg Rank Defense,,,7,,,17,,,2,rav,2012
Team Stats,253,92,36.4%,16,6,37.5%,52,24,46.2%,rav,2013
Opp. Stats,233,78,33.5%,14,8,57.1%,41,20,48.8%,rav,2013
Lg Rank Offense,,,20,,,22,,,31,rav,2013
Lg Rank Defense,,,3,,,23,,,7,rav,2013
Team Stats,205,84,41.0%,18,9,50.0%,63,33,52.4%,rav,2014
Opp. Stats,221,89,40.3%,14,5,35.7%,54,23,42.6%,rav,2014
Lg Rank Offense,,,14,,,11,,,19,rav,2014
Lg Rank Defense,,,17,,,8,,,2,rav,2014
Team Stats,226,85,37.6%,24,12,50.0%,47,23,48.9%,rav,2015
Opp. Stats,216,86,39.8%,9,4,44.4%,47,25,53.2%,rav,2015
Lg Rank Offense,,,23,,,15,,,26,rav,2015
Lg Rank Defense,,,19,,,10,,,11,rav,2015
Team Stats,233,86,36.9%,19,8,42.1%,46,24,52.2%,rav,2016
Opp. Stats,214,75,35.0%,16,11,68.8%,47,26,55.3%,rav,2016
Lg Rank Offense,,,24,,,24,,,20,rav,2016
Lg Rank Defense,,,2,,,25,,,18,rav,2016
Team Stats,223,76,34.1,16,10,62.5,52,30,57.7,rav,2017
Opp. Stats,222,82,36.9,16,6,37.5,45,22,48.9,rav,2017
Lg Rank Offense,,,27,,,4,,,10,rav,2017
Lg Rank Defense,,,10,,,11,,,11,rav,2017
Team Stats,231,104,45.0%,22,13,59.1%,59,33,55.9%,rav,2018
Opp. Stats,211,72,34.1%,20,10,50.0%,41,26,63.4%,rav,2018
Lg Rank Offense,,,6,,,14,,,20,rav,2018
Lg Rank Defense,,,3,,,10,,,24,rav,2018
Team Stats,187,88,47.1%,24,17,70.8%,64,43,67.2%,rav,2019
Opp. Stats,194,72,37.1%,18,6,33.3%,44,21,47.7%,rav,2019
Lg Rank Offense,,,2,,,1,,,2,rav,2019
Lg Rank Defense,,,11,,,4,,,3,rav,2019
Team Stats,207,101,48.8%,19,12,63.2%,60,38,63.3%,rav,2020
Opp. Stats,191,65,34.0%,35,16,45.7%,45,28,62.2%,rav,2020
Lg Rank Offense,,,4,,,8,,,12,rav,2020
Lg Rank Defense,,,2,,,9,,,18,rav,2020
Team Stats,225,82,36.4%,27,18,66.7%,55,34,61.8%,rav,2021
Opp. Stats,201,70,34.8%,18,11,61.1%,50,27,54.0%,rav,2021
Lg Rank Offense,,,25,,,1,,,12,rav,2021
Lg Rank Defense,,,3,,,23,,,12,rav,2021
Team Stats,218,91,41.7%,20,8,40.0%,59,27,45.8%,rav,2022
Opp. Stats,209,73,34.9%,24,15,62.5%,56,26,46.4%,rav,2022
Lg Rank Offense,,,11,,,26,,,30,rav,2022
Lg Rank Defense,,,4,,,28,,,3,rav,2022
Team Stats,207,87,42.0%,14,8,57.1%,68,42,61.8%,rav,2023
Opp. Stats,250,91,36.4%,32,13,40.6%,49,20,40.8%,rav,2023
Lg Rank Offense,,,9,,,8,,,7,rav,2023
Lg Rank Defense,,,7,,,2,,,2,rav,2023
Team Stats,191,92,48.2%,15,8,53.3%,66,49,74.2%,rav,2024
Opp. Stats,226,90,39.8%,28,12,42.9%,50,27,54.0%,rav,2024
Lg Rank Offense,,,3,,,20,,,1,rav,2024
Lg Rank Defense,,,18,,,3,,,12,rav,2024
Team Stats,203,83,40.9,25,15,60.0,59,28,47.5,rav,2025
Opp. Stats,230,87,37.8,41,23,56.1,63,32,50.8,rav,2025
Lg Rank Offense,,,13,,,10,,,27,rav,2025
Lg Rank Defense,,,11,,,19,,,6,rav,2025
Team Stats,205,92,44.9%,13,5,38.5%,59,33,55.9%,sdg,2010
Opp. Stats,208,70,33.7%,28,12,42.9%,43,27,62.8%,sdg,2010
Lg Rank Offense,,,4,,,25,,,12,sdg,2010
Lg Rank Defense,,,4,,,11,,,28,sdg,2010
Team Stats,211,103,48.8%,11,4,36.4%,54,29,53.7%,sdg,2011
Opp. Stats,195,96,49.2%,9,1,11.1%,49,29,59.2%,sdg,2011
Lg Rank Offense,,,2,,,21,,,10,sdg,2011
Lg Rank Defense,,,32,,,2,,,29,sdg,2011
Team Stats,217,82,37.8%,11,6,54.5%,47,22,46.8%,sdg,2012
Opp. Stats,214,90,42.1%,10,4,40.0%,40,28,70.0%,sdg,2012
Lg Rank Offense,,,15,,,14,,,26,sdg,2012
Lg Rank Defense,,,29,,,8,,,32,sdg,2012
Team Stats,206,101,49.0%,6,5,83.3%,59,30,50.8%,sdg,2013
Opp. Stats,180,70,38.9%,13,6,46.2%,45,28,62.2%,sdg,2013
Lg Rank Offense,,,1,,,2,,,25,sdg,2013
Lg Rank Defense,,,20,,,17,,,27,sdg,2013
Team Stats,215,97,45.1%,11,5,45.5%,48,26,54.2%,sdg,2014
Opp. Stats,207,89,43.0%,10,2,20.0%,52,27,51.9%,sdg,2014
Lg Rank Offense,,,4,,,19,,,13,sdg,2014
Lg Rank Defense,,,24,,,3,,,12,sdg,2014
Team Stats,231,97,42.0%,15,5,33.3%,44,28,63.6%,sdg,2015
Opp. Stats,195,74,37.9%,8,7,87.5%,46,23,50.0%,sdg,2015
Lg Rank Offense,,,8,,,29,,,7,sdg,2015
Lg Rank Defense,,,14,,,32,,,7,sdg,2015
Team Stats,200,85,42.5%,12,6,50.0%,62,32,51.6%,sdg,2016
Opp. Stats,208,83,39.9%,16,11,68.8%,66,36,54.5%,sdg,2016
Lg Rank Offense,,,9,,,14,,,22,sdg,2016
Lg Rank Defense,,,18,,,25,,,15,sdg,2016
Team Stats,209,84,40.2,11,5,45.5,47,22,46.8,sdg,2017
Opp. Stats,221,86,38.9,20,6,30.0,36,13,36.1,sdg,2017
Lg Rank Offense,,,12,,,16,,,28,sdg,2017
Lg Rank Defense,,,19,,,5,,,1,sdg,2017
Team Stats,177,70,39.5%,8,7,87.5%,53,34,64.2%,sdg,2018
Opp. Stats,202,79,39.1%,20,11,55.0%,50,25,50.0%,sdg,2018
Lg Rank Offense,,,16,,,1,,,10,sdg,2018
Lg Rank Defense,,,18,,,16,,,5,sdg,2018
Team Stats,194,86,44.3%,18,10,55.6%,53,28,52.8%,sdg,2019
Opp. Stats,195,88,45.1%,13,8,61.5%,40,24,60.0%,sdg,2019
Lg Rank Offense,,,6,,,9,,,22,sdg,2019
Lg Rank Defense,,,29,,,28,,,22,sdg,2019
Team Stats,224,99,44.2%,25,12,48.0%,56,32,57.1%,sdg,2020
Opp. Stats,204,89,43.6%,15,10,66.7%,55,32,58.2%,sdg,2020
Lg Rank Offense,,,9,,,25,,,21,sdg,2020
Lg Rank Defense,,,22,,,27,,,10,sdg,2020
Team Stats,221,100,45.2%,34,22,64.7%,75,48,64.0%,sdg,2021
Opp. Stats,216,107,49.5%,22,7,31.8%,67,43,64.2%,sdg,2021
Lg Rank Offense,,,5,,,4,,,4,sdg,2021
Lg Rank Defense,,,32,,,1,,,26,sdg,2021
Team Stats,257,112,43.6%,29,15,51.7%,62,33,53.2%,sdg,2022
Opp. Stats,199,78,39.2%,15,6,40.0%,48,25,52.1%,sdg,2022
Lg Rank Offense,,,8,,,16,,,20,sdg,2022
Lg Rank Defense,,,17,,,6,,,11,sdg,2022
Team Stats,237,91,38.4%,32,15,46.9%,47,27,57.4%,sdg,2023
Opp. Stats,232,89,38.4%,32,19,59.4%,51,27,52.9%,sdg,2023
Lg Rank Offense,,,16,,,24,,,12,sdg,2023
Lg Rank Defense,,,16,,,28,,,13,sdg,2023
Team Stats,221,89,40.3%,16,10,62.5%,50,28,56.0%,sdg,2024
Opp. Stats,224,80,35.7%,29,18,62.1%,40,18,45.0%,sdg,2024
Lg Rank Offense,,,11,,,10,,,18,sdg,2024
Lg Rank Defense,,,5,,,22,,,1,sdg,2024
Team Stats,251,115,45.8,21,12,57.1,57,27,47.4,sdg,2025
Opp. Stats,199,70,35.2,25,13,52.0,49,23,46.9,sdg,2025
Lg Rank Offense,,,3,,,17,,,29,sdg,2025
Lg Rank Defense,,,5,,,12,,,4,sdg,2025
Team Stats,214,76,35.5%,17,6,35.3%,50,21,42.0%,sea,2010
Opp. Stats,238,94,39.5%,19,8,42.1%,65,30,46.2%,sea,2010
Lg Rank Offense,,,22,,,28,,,29,sea,2010
Lg Rank Defense,,,24,,,10,,,7,sea,2010
Team Stats,228,77,33.8%,15,7,46.7%,46,22,47.8%,sea,2011
Opp. Stats,221,77,34.8%,11,7,63.6%,39,19,48.7%,sea,2011
Lg Rank Offense,,,24,,,12,,,22,sea,2011
Lg Rank Defense,,,9,,,30,,,11,sea,2011
Team Stats,199,80,40.2%,18,11,61.1%,54,31,57.4%,sea,2012
Opp. Stats,198,76,38.4%,10,3,30.0%,38,17,44.7%,sea,2012
Lg Rank Offense,,,12,,,9,,,10,sea,2012
Lg Rank Defense,,,17,,,2,,,4,sea,2012
Team Stats,204,76,37.3%,11,6,54.5%,57,32,56.1%,sea,2013
Opp. Stats,216,76,35.2%,11,4,36.4%,36,13,36.1%,sea,2013
Lg Rank Offense,,,17,,,13,,,12,sea,2013
Lg Rank Defense,,,10,,,8,,,1,sea,2013
Team Stats,212,90,42.5%,11,3,27.3%,60,31,51.7%,sea,2014
Opp. Stats,202,75,37.1%,14,8,57.1%,37,22,59.5%,sea,2014
Lg Rank Offense,,,11,,,31,,,20,sea,2014
Lg Rank Defense,,,8,,,26,,,26,sea,2014
Team Stats,213,99,46.5%,9,8,88.9%,49,27,55.1%,sea,2015
Opp. Stats,195,67,34.4%,7,1,14.3%,38,16,42.1%,sea,2015
Lg Rank Offense,,,4,,,1,,,16,sea,2015
Lg Rank Defense,,,4,,,1,,,3,sea,2015
Team Stats,207,79,38.2%,11,4,36.4%,56,26,46.4%,sea,2016
Opp. Stats,212,82,38.7%,20,6,30.0%,46,26,56.5%,sea,2016
Lg Rank Offense,,,16,,,29,,,27,sea,2016
Lg Rank Defense,,,12,,,6,,,20,sea,2016
Team Stats,212,79,37.3,9,5,55.6,45,25,55.6,sea,2017
Opp. Stats,223,85,38.1,15,7,46.7,42,20,47.6,sea,2017
Lg Rank Offense,,,21,,,7,,,13,sea,2017
Lg Rank Defense,,,15,,,17,,,7,sea,2017
Team Stats,208,81,38.9%,14,11,78.6%,55,36,65.5%,sea,2018
Opp. Stats,183,64,35.0%,13,6,46.2%,51,25,49.0%,sea,2018
Lg Rank Offense,,,17,,,4,,,8,sea,2018
Lg Rank Defense,,,5,,,6,,,4,sea,2018
Team Stats,200,79,39.5%,14,7,50.0%,60,38,63.3%,sea,2019
Opp. Stats,185,71,38.4%,12,7,58.3%,52,32,61.5%,sea,2019
Lg Rank Offense,,,16,,,13,,,9,sea,2019
Lg Rank Defense,,,16,,,24,,,26,sea,2019
Team Stats,189,76,40.2%,14,8,57.1%,56,41,73.2%,sea,2020
Opp. Stats,223,105,47.1%,23,10,43.5%,56,35,62.5%,sea,2020
Lg Rank Offense,,,20,,,15,,,4,sea,2020
Lg Rank Defense,,,27,,,7,,,19,sea,2020
Team Stats,193,72,37.3%,11,4,36.4%,48,31,64.6%,sea,2021
Opp. Stats,224,88,39.3%,31,13,41.9%,61,31,50.8%,sea,2021
Lg Rank Offense,,,23,,,32,,,3,sea,2021
Lg Rank Defense,,,14,,,3,,,4,sea,2021
Team Stats,201,76,37.8%,21,12,57.1%,55,26,47.3%,sea,2022
Opp. Stats,227,96,42.3%,28,11,39.3%,52,31,59.6%,sea,2022
Lg Rank Offense,,,20,,,5,,,28,sea,2022
Lg Rank Defense,,,27,,,5,,,24,sea,2022
Team Stats,207,75,36.2%,16,6,37.5%,54,26,48.1%,sea,2023
Opp. Stats,231,107,46.3%,26,13,50.0%,57,34,59.6%,sea,2023
Lg Rank Offense,,,23,,,31,,,25,sea,2023
Lg Rank Defense,,,30,,,15,,,23,sea,2023
Team Stats,210,79,37.6%,19,10,52.6%,42,24,57.1%,sea,2024
Opp. Stats,224,83,37.1%,20,10,50.0%,57,30,52.6%,sea,2024
Lg Rank Offense,,,21,,,21,,,14,sea,2024
Lg Rank Defense,,,10,,,6,,,9,sea,2024
Team Stats,206,82,39.8,12,7,58.3,59,32,54.2,sea,2025
Opp. Stats,234,75,32.1,45,23,51.1,52,26,50.0,sea,2025
Lg Rank Offense,,,16,,,14,,,21,sea,2025
Lg Rank Defense,,,1,,,10,,,5,sea,2025
Team Stats,213,68,31.9%,16,8,50.0%,42,20,47.6%,sfo,2010
Opp. Stats,217,84,38.7%,13,3,23.1%,55,26,47.3%,sfo,2010
Lg Rank Offense,,,29,,,12,,,24,sfo,2010
Lg Rank Defense,,,19,,,1,,,9,sfo,2010
Team Stats,221,65,29.4%,14,9,64.3%,54,22,40.7%,sfo,2011
Opp. Stats,216,76,35.2%,17,7,41.2%,34,14,41.2%,sfo,2011
Lg Rank Offense,,,31,,,2,,,30,sfo,2011
Lg Rank Defense,,,11,,,12,,,4,sfo,2011
Team Stats,194,68,35.1%,12,8,66.7%,55,28,50.9%,sfo,2012
Opp. Stats,215,71,33.0%,25,14,56.0%,36,22,61.1%,sfo,2012
Lg Rank Offense,,,25,,,5,,,21,sfo,2012
Lg Rank Defense,,,3,,,23,,,28,sfo,2012
Team Stats,211,77,36.5%,11,7,63.6%,55,31,56.4%,sfo,2013
Opp. Stats,223,76,34.1%,23,10,43.5%,41,22,53.7%,sfo,2013
Lg Rank Offense,,,18,,,7,,,11,sfo,2013
Lg Rank Defense,,,6,,,14,,,13,sfo,2013
Team Stats,213,86,40.4%,18,10,55.6%,44,19,43.2%,sfo,2014
Opp. Stats,203,88,43.3%,14,7,50.0%,44,27,61.4%,sfo,2014
Lg Rank Offense,,,15,,,7,,,28,sfo,2014
Lg Rank Defense,,,26,,,18,,,28,sfo,2014
Team Stats,213,65,30.5%,19,9,47.4%,39,17,43.6%,sfo,2015
Opp. Stats,210,82,39.0%,11,6,54.5%,54,32,59.3%,sfo,2015
Lg Rank Offense,,,31,,,20,,,31,sfo,2015
Lg Rank Defense,,,16,,,20,,,19,sfo,2015
Team Stats,222,78,35.1%,19,10,52.6%,44,30,68.2%,sfo,2016
Opp. Stats,226,102,45.1%,7,4,57.1%,66,41,62.1%,sfo,2016
Lg Rank Offense,,,30,,,13,,,2,sfo,2016
Lg Rank Defense,,,29,,,22,,,27,sfo,2016
Team Stats,234,91,38.9,18,8,44.4,51,24,47.1,sfo,2017
Opp. Stats,221,95,43.0,12,10,83.3,57,34,59.6,sfo,2017
Lg Rank Offense,,,16,,,18,,,27,sfo,2017
Lg Rank Defense,,,30,,,32,,,26,sfo,2017
Team Stats,193,73,37.8%,10,5,50.0%,51,21,41.2%,sfo,2018
Opp. Stats,216,87,40.3%,17,10,58.8%,58,38,65.5%,sfo,2018
Lg Rank Offense,,,18,,,20,,,32,sfo,2018
Lg Rank Defense,,,21,,,20,,,26,sfo,2018
Team Stats,200,90,45.0%,12,7,58.3%,62,33,53.2%,sfo,2019
Opp. Stats,192,64,33.3%,25,8,32.0%,40,24,60.0%,sfo,2019
Lg Rank Offense,,,5,,,6,,,21,sfo,2019
Lg Rank Defense,,,2,,,3,,,22,sfo,2019
Team Stats,197,77,39.1%,15,6,40.0%,55,37,67.3%,sfo,2020
Opp. Stats,200,71,35.5%,20,13,65.0%,45,26,57.8%,sfo,2020
Lg Rank Offense,,,24,,,28,,,8,sfo,2020
Lg Rank Defense,,,4,,,25,,,9,sfo,2020
Team Stats,199,80,40.2%,20,10,50.0%,54,36,66.7%,sfo,2021
Opp. Stats,220,88,40.0%,25,11,44.0%,60,34,56.7%,sfo,2021
Lg Rank Offense,,,14,,,20,,,1,sfo,2021
Lg Rank Defense,,,17,,,6,,,15,sfo,2021
Team Stats,211,95,45.0%,17,7,41.2%,63,34,54.0%,sfo,2022
Opp. Stats,218,85,39.0%,25,10,40.0%,37,21,56.8%,sfo,2022
Lg Rank Offense,,,6,,,25,,,17,sfo,2022
Lg Rank Defense,,,16,,,6,,,20,sfo,2022
Team Stats,179,85,47.5%,13,7,53.8%,67,45,67.2%,sfo,2023
Opp. Stats,215,88,40.9%,28,14,50.0%,44,24,54.5%,sfo,2023
Lg Rank Offense,,,4,,,14,,,1,sfo,2023
Lg Rank Defense,,,24,,,15,,,16,sfo,2023
Team Stats,197,84,42.6%,16,8,50.0%,63,36,57.1%,sfo,2024
Opp. Stats,216,93,43.1%,26,17,65.4%,57,39,68.4%,sfo,2024
Lg Rank Offense,,,9,,,23,,,14,sfo,2024
Lg Rank Defense,,,24,,,25,,,31,sfo,2024
Team Stats,213,106,49.8,22,13,59.1,66,43,65.2,sfo,2025
Opp. Stats,192,77,40.1,22,12,54.5,52,28,53.8,sfo,2025
Lg Rank Offense,,,1,,,12,,,5,sfo,2025
Lg Rank Defense,,,19,,,16,,,12,sfo,2025
Team Stats,211,89,42.2%,14,10,71.4%,44,23,52.3%,tam,2010
Opp. Stats,213,92,43.2%,17,9,52.9%,48,26,54.2%,tam,2010
Lg Rank Offense,,,7,,,2,,,16,tam,2010
Lg Rank Defense,,,31,,,20,,,20,tam,2010
Team Stats,206,76,36.9%,21,8,38.1%,38,19,50.0%,tam,2011
Opp. Stats,185,73,39.5%,13,9,69.2%,70,40,57.1%,tam,2011
Lg Rank Offense,,,16,,,18,,,19,tam,2011
Lg Rank Defense,,,20,,,31,,,24,tam,2011
Team Stats,212,76,35.8%,17,7,41.2%,47,28,59.6%,tam,2012
Opp. Stats,219,88,40.2%,14,6,42.9%,54,30,55.6%,tam,2012
Lg Rank Offense,,,23,,,24,,,6,tam,2012
Lg Rank Defense,,,24,,,10,,,20,tam,2012
Team Stats,221,69,31.2%,22,8,36.4%,37,19,51.4%,tam,2013
Opp. Stats,204,80,39.2%,14,8,57.1%,56,28,50.0%,tam,2013
Lg Rank Offense,,,31,,,23,,,23,tam,2013
Lg Rank Defense,,,21,,,23,,,8,tam,2013
Team Stats,203,76,37.4%,12,4,33.3%,39,21,53.8%,tam,2014
Opp. Stats,213,93,43.7%,9,5,55.6%,52,32,61.5%,tam,2014
Lg Rank Offense,,,25,,,29,,,15,tam,2014
Lg Rank Defense,,,28,,,24,,,29,tam,2014
Team Stats,202,84,41.6%,13,7,53.8%,51,27,52.9%,tam,2015
Opp. Stats,211,97,46.0%,6,4,66.7%,56,36,64.3%,tam,2015
Lg Rank Offense,,,10,,,10,,,22,tam,2015
Lg Rank Defense,,,30,,,27,,,30,tam,2015
Team Stats,214,94,43.9%,9,4,44.4%,54,28,51.9%,tam,2016
Opp. Stats,195,67,34.4%,10,8,80.0%,50,29,58.0%,tam,2016
Lg Rank Offense,,,6,,,20,,,21,tam,2016
Lg Rank Defense,,,1,,,31,,,25,tam,2016
Team Stats,196,85,43.4,8,4,50.0,53,26,49.1,tam,2017
Opp. Stats,216,104,48.1,9,2,22.2,53,29,54.7,tam,2017
Lg Rank Offense,,,4,,,12,,,24,tam,2017
Lg Rank Defense,,,32,,,1,,,17,tam,2017
Team Stats,187,86,46.0%,13,9,69.2%,60,36,60.0%,tam,2018
Opp. Stats,181,73,40.3%,14,7,50.0%,58,45,77.6%,tam,2018
Lg Rank Offense,,,3,,,5,,,14,tam,2018
Lg Rank Defense,,,22,,,10,,,32,tam,2018
Team Stats,217,90,41.5%,17,9,52.9%,54,35,64.8%,tam,2019
Opp. Stats,218,75,34.4%,27,13,48.1%,60,30,50.0%,tam,2019
Lg Rank Offense,,,13,,,11,,,4,tam,2019
Lg Rank Defense,,,5,,,18,,,6,tam,2019
Team Stats,191,83,43.5%,14,8,57.1%,61,42,68.9%,tam,2020
Opp. Stats,205,82,40.0%,25,14,56.0%,51,32,62.7%,tam,2020
Lg Rank Offense,,,11,,,15,,,7,tam,2020
Lg Rank Defense,,,14,,,15,,,20,tam,2020
Team Stats,223,105,47.1%,16,9,56.3%,68,45,66.2%,tam,2021
Opp. Stats,226,87,38.5%,28,13,46.4%,59,31,52.5%,tam,2021
Lg Rank Offense,,,2,,,14,,,2,tam,2021
Lg Rank Defense,,,12,,,9,,,10,tam,2021
Team Stats,246,92,37.4%,27,15,55.6%,50,26,52.0%,tam,2022
Opp. Stats,236,87,36.9%,24,14,58.3%,48,30,62.5%,tam,2022
Lg Rank Offense,,,21,,,7,,,22,tam,2022
Lg Rank Defense,,,6,,,24,,,26,tam,2022
Team Stats,236,98,41.5%,18,12,66.7%,49,22,44.9%,tam,2023
Opp. Stats,225,92,40.9%,25,12,48.0%,54,23,42.6%,tam,2023
Lg Rank Offense,,,10,,,2,,,30,tam,2023
Lg Rank Defense,,,23,,,14,,,3,tam,2023
Team Stats,216,110,50.9%,14,9,64.3%,69,46,66.7%,tam,2024
Opp. Stats,210,80,38.1%,30,19,63.3%,57,31,54.4%,tam,2024
Lg Rank Offense,,,1,,,9,,,4,tam,2024
Lg Rank Defense,,,14,,,23,,,14,tam,2024
Team Stats,228,94,41.2,29,13,44.8,50,27,54.0,tam,2025
Opp. Stats,200,79,39.5,30,14,46.7,43,30,69.8,tam,2025
Lg Rank Offense,,,10,,,27,,,23,tam,2025
Lg Rank Defense,,,15,,,6,,,32,tam,2025
Team Stats,208,61,29.3%,12,6,50.0%,43,22,51.2%,was,2010
Opp. Stats,214,75,35.0%,10,7,70.0%,57,28,49.1%,was,2010
Lg Rank Offense,,,31,,,12,,,19,was,2010
Lg Rank Defense,,,8,,,29,,,15,was,2010
Team Stats,219,81,37.0%,13,4,30.8%,51,21,41.2%,was,2011
Opp. Stats,206,77,37.4%,10,4,40.0%,57,25,43.9%,was,2011
Lg Rank Offense,,,15,,,26,,,29,was,2011
Lg Rank Defense,,,16,,,10,,,5,was,2011
Team Stats,190,68,35.8%,17,12,70.6%,53,32,60.4%,was,2012
Opp. Stats,215,95,44.2%,14,8,57.1%,52,30,57.7%,was,2012
Lg Rank Offense,,,24,,,3,,,4,was,2012
Lg Rank Defense,,,32,,,24,,,24,was,2012
Team Stats,235,95,40.4%,20,6,30.0%,50,26,52.0%,was,2013
Opp. Stats,194,66,34.0%,17,12,70.6%,60,38,63.3%,was,2013
Lg Rank Offense,,,11,,,28,,,20,was,2013
Lg Rank Defense,,,4,,,29,,,28,was,2013
Team Stats,197,62,31.5%,16,4,25.0%,48,23,47.9%,was,2014
Opp. Stats,207,89,43.0%,9,5,55.6%,48,25,52.1%,was,2014
Lg Rank Offense,,,30,,,32,,,26,was,2014
Lg Rank Defense,,,24,,,24,,,13,was,2014
Team Stats,216,94,43.5%,12,7,58.3%,49,30,61.2%,was,2015
Opp. Stats,207,78,37.7%,20,11,55.0%,49,27,55.1%,was,2015
Lg Rank Offense,,,5,,,7,,,8,was,2015
Lg Rank Defense,,,12,,,21,,,13,was,2015
Team Stats,199,90,45.2%,14,7,50.0%,61,28,45.9%,was,2016
Opp. Stats,208,97,46.6%,16,9,56.3%,54,32,59.3%,was,2016
Lg Rank Offense,,,5,,,14,,,29,was,2016
Lg Rank Defense,,,32,,,20,,,26,was,2016
Team Stats,204,66,32.4,16,9,56.3,46,25,54.3,was,2017
Opp. Stats,226,83,36.7,15,9,60.0,57,29,50.9,was,2017
Lg Rank Offense,,,31,,,6,,,16,was,2017
Lg Rank Defense,,,9,,,25,,,13,was,2017
Team Stats,206,75,36.4%,18,10,55.6%,40,21,52.5%,was,2018
Opp. Stats,196,86,43.9%,13,5,38.5%,52,27,51.9%,was,2018
Lg Rank Offense,,,24,,,17,,,25,was,2018
Lg Rank Defense,,,29,,,3,,,9,was,2018
Team Stats,179,52,29.1%,14,6,42.9%,41,20,48.8%,was,2019
Opp. Stats,227,111,48.9%,19,12,63.2%,59,36,61.0%,was,2019
Lg Rank Offense,,,32,,,22,,,27,was,2019
Lg Rank Defense,,,32,,,30,,,24,was,2019
Team Stats,225,88,39.1%,19,11,57.9%,47,27,57.4%,was,2020
Opp. Stats,216,81,37.5%,24,9,37.5%,43,23,53.5%,was,2020
Lg Rank Offense,,,23,,,13,,,20,was,2020
Lg Rank Defense,,,6,,,2,,,4,was,2020
Team Stats,224,87,38.8%,32,16,50.0%,51,26,51.0%,was,2021
Opp. Stats,229,111,48.5%,20,12,60.0%,59,35,59.3%,was,2021
Lg Rank Offense,,,20,,,20,,,29,was,2021
Lg Rank Defense,,,31,,,22,,,17,was,2021
Team Stats,230,81,35.2%,25,12,48.0%,47,24,51.1%,was,2022
Opp. Stats,210,67,31.9%,25,12,48.0%,52,27,51.9%,was,2022
Lg Rank Offense,,,25,,,20,,,25,was,2022
Lg Rank Defense,,,1,,,14,,,8,was,2022
Team Stats,216,77,35.6%,29,16,55.2%,49,31,63.3%,was,2023
Opp. Stats,226,94,41.6%,21,13,61.9%,60,34,56.7%,was,2023
Lg Rank Offense,,,24,,,12,,,5,was,2023
Lg Rank Defense,,,28,,,29,,,21,was,2023
Team Stats,217,99,45.6%,23,20,87.0%,71,45,63.4%,was,2024
Opp. Stats,207,79,38.2%,24,16,66.7%,53,32,60.4%,was,2024
Lg Rank Offense,,,6,,,1,,,6,was,2024
Lg Rank Defense,,,15,,,27,,,22,was,2024
Team Stats,189,71,37.6,26,16,61.5,46,30,65.2,was,2025
Opp. Stats,213,88,41.3,32,20,62.5,62,42,67.7,was,2025
Lg Rank Offense,,,21,,,9,,,4,was,2025
Lg Rank Defense,,,23,,,23,,,31,was,2025
